date,type,mediaId,time,characters,episodes,pages,description,tags
2026-08-23,anime,140439,48,,2,,モブサイコ100 Ⅲ,nosubs
2026-08-23,vn,v487,,10000,,,戦国ランス,
2026-08-23,anime,101338,144,,6,,モブサイコ100 II,nosubs
2026-08-23,anime,207141,24,,1,,ヤニねこ,nosubs
2026-08-22,anime,527,,,1,,ポケットモンスター,nosubs
2026-08-22,tv show,s98928,120,,3,,麒麟がくる,
2026-08-22,tv show,s98928,80,,1,,麒麟がくる,
2026-08-16,anime,101338,,,2,,モブサイコ100 II,nosubs
2026-08-16,anime,101338,,,5,,モブサイコ100 II,nosubs
2026-08-15,anime,21507,,,3,,モブサイコ100,nosubs
2026-08-15,tv show,s239138,25,,,,Kamen Rider Black,nosubs
2026-08-14,tv show,s75815,25,,,,テラスハウス ボーイズ ガールズ ネクストドア,nosubs
2026-08-14,anime,21507,,,1,,モブサイコ100,nosubs
2026-08-13,tv show,s75815,50,,,,テラスハウス ボーイズ ガールズ ネクストドア,nosubs
2026-08-09,anime,21507,72,,3,,モブサイコ100,nosubs
2026-08-09,anime,207141,24,,1,,ヤニねこ,nosubs
2026-08-09,manga,30002,65,8588,,238,ベルセルク,
2026-08-08,anime,21507,120,,5,,モブサイコ100,nosubs
2026-08-08,anime,5114,25,,1,,鋼の錬金術師 FULLMETAL ALCHEMIST,nosubs
2026-08-02,tv show,s92408,25,,1,,深夜食堂: Tokyo Stories,nosubs
2026-08-02,anime,5114,,,3,,鋼の錬金術師 FULLMETAL ALCHEMIST,nosubs
2026-08-01,tv show,s92408,24,,1,,深夜食堂: Tokyo Stories,
2026-08-01,tv show,s239138,24,,1,,Kamen Rider Black,
2026-08-01,anime,5114,50,,2,,鋼の錬金術師 FULLMETAL ALCHEMIST,
2026-07-30,anime,207141,,,1,,ヤニねこ,
2026-07-28,manga,30002,80,13461,0,241,ベルセルク,
2026-07-28,anime,207141,24,0,1,0,ヤニねこ,
2026-07-28,anime,207141,24,0,1,0,ヤニねこ,
2026-07-27,manga,30002,80,13243,0,239,ベルセルク,
2026-07-27,vn,v487,38,6603,,,戦国ランス,
2026-07-26,manga,30002,90,16156,0,235,ベルセルク,
2026-07-24,manga,30002,83,15172,0,234,ベルセルク,
2026-07-23,manga,30002,80,12384,0,226,ベルセルク,
2026-07-23,video,UCn4KSRd5qbv6NA2iG-Dbi6Q,4,0,0,0,あなたは思っているより好かれている | 人が自分への好意を過小評価する理由,
2026-07-23,video,UCdFukkLFB6GOsfAAkNnmZJA,1,0,0,0,放送前は全く知らなかったこの作品が予想を超えてくるとんでもないアニメでした...【いびってこない義母と義姉】【2026夏アニメ】【感想】,
2026-07-23,video,UCdFukkLFB6GOsfAAkNnmZJA,1,0,0,0,放送前は全く知らなかったこの作品が予想を超えてくるとんでもないアニメでした...【いびってこない義母と義姉】【2026夏アニメ】【感想】,
2026-07-23,video,UChAQQ9at2MDlXjvQX3vL3Yw,1,0,0,0,【旅行Vlog】出発前日に航空券とって長崎旅行に来た人の無計画旅行Vlog,
2026-07-23,video,UChAQQ9at2MDlXjvQX3vL3Yw,1,0,0,0,【旅行Vlog】出発前日に航空券とって長崎旅行に来た人の無計画旅行Vlog,
2026-07-23,manga,30002,73,9211,0,239,ベルセルク,
2026-07-22,video,UCzq_3QwpttEgCM2ee2xlTGw,6,0,0,0,【真・最終回】全滅で即終了・リセット禁止で伝説のポケモン捕獲に挑むみこち【ポケモンファイアレッド/ホロライブ/切り抜き/さくらみこ】,
2026-07-22,video,UCzq_3QwpttEgCM2ee2xlTGw,6,0,0,0,【真・最終回】全滅で即終了・リセット禁止で伝説のポケモン捕獲に挑むみこち【ポケモンファイアレッド/ホロライブ/切り抜き/さくらみこ】,
2026-07-22,manga,30002,50,7612,0,239,ベルセルク,
2026-07-22,manga,30002,45,6725,0,237,ベルセルク,
2026-07-22,manga,30002,60,7055,0,237,ベルセルク,
2026-07-20,vn,v21668,23,4263,,,9-nine-そらいろそらうたそらのおと,
2026-07-18,manga,80133,93,15601,0,180,干物妹（ひもうと）！うまるちゃん,
2026-07-18,manga,30002,51,6692,0,227,ベルセルク,
2026-07-17,manga,80133,48,14500,0,178,干物妹（ひもうと）！うまるちゃん,
2026-07-16,anime,98572,0,0,1,0,干物妹! うまるちゃん R,
2026-07-14,anime,263,460,,20,0,はじめの一歩 THE FIGHTING!,
2026-07-13,anime,207141,24,0,1,0,ヤニねこ,
2026-07-13,anime,187464,24,0,1,0,東島丹三郎は仮面ライダーになりたい,
2026-07-09,anime,187464,24,0,1,0,東島丹三郎は仮面ライダーになりたい,
2026-07-09,anime,187464,24,0,1,0,東島丹三郎は仮面ライダーになりたい,
2026-07-08,anime,187464,24,0,1,0,東島丹三郎は仮面ライダーになりたい,
2026-07-08,vn,v6985,32,5872,,,ランス・クエスト,
2026-07-05,vn,v21668,54,10332,,,9-nine-そらいろそらうたそらのおと,
2026-07-05,vn,v6985,16,3427,,,ランス・クエスト,
2026-07-04,vn,v6985,61,10958,,,ランス・クエスト,
2026-07-04,vn,v21668,55,9894,,,9-nine-そらいろそらうたそらのおと,
2026-07-04,vn,v6985,56,11148,,,ランス・クエスト,
2026-07-02,anime,207141,24,0,1,0,ヤニねこ,
2026-07-02,anime,150672,0,0,1,0,【推しの子】,
2026-07-01,vn,v6985,103,20183,,,ランス・クエスト,
2026-07-01,vn,v6985,28,5612,,,ランス・クエスト,
2026-06-30,vn,v6985,129,26912,,,ランス・クエスト,
2026-06-30,vn,v6985,94,16446,,,ランス・クエスト,
2026-06-28,vn,v6985,42,7411,,,ランス・クエスト,
2026-06-27,vn,v6916,23,3901,,,闘神都市II そして、それから・・・,
2026-06-27,vn,v298,33,4513,,,大悪司,
2026-06-27,vn,v298,43,5978,,,大悪司,
2026-06-27,vn,v889,160,31748,,,闘神都市II,
2026-06-26,vn,v889,80,15755,,,闘神都市II,
2026-06-25,vn,v889,97,22398,,,闘神都市II,
2026-06-24,anime,187464,24,,1,0,東島丹三郎は仮面ライダーになりたい,
2026-06-24,vn,v889,116,30850,,,闘神都市II,
2026-06-23,vn,v889,76,15445,,,闘神都市II,
2026-06-23,vn,v889,53,11769,,,闘神都市II,
2026-06-21,vn,v889,88,18817,,,闘神都市II,
2026-06-21,vn,v889,75,19401,,,闘神都市II,
2026-06-20,vn,v889,62,12641,,,闘神都市II,
2026-06-20,vn,v889,53,12316,,,闘神都市II,
2026-06-20,vn,v889,50,10713,,,闘神都市II,
2026-06-19,vn,v7370,69,12870,,,Intruder -桜屋敷の探索-,
2026-06-19,vn,v889,33,6284,,,闘神都市II,
2026-06-18,vn,v889,62,12295,,,闘神都市II,
2026-06-18,vn,v889,63,6738,,,闘神都市II,
2026-06-16,video,UCh-GhnQ7qDQmS6Bz3pGc1Mw,4,0,0,0,【日本語｜聴解】留学生のアルバイトの面接／[Japanese | Listening comprehension] Exchange student part-time job interview,
2026-06-16,video,UCswy9_H_7oLQd4ex8Piks-Q,2,0,0,0,【ビジネス日本語】転職・就職の面接練習｜Japanese job interview,
2026-06-16,video,UCswy9_H_7oLQd4ex8Piks-Q,2,0,0,0,【ビジネス日本語】転職・就職の面接練習｜Japanese job interview,
2026-06-15,video,UCcj-cHmS0uD91MLjtdiN89Q,3,0,0,0,【高校　数学Ⅱ】　指数１　指数の拡張　（１９分）,
2026-06-15,video,UCcj-cHmS0uD91MLjtdiN89Q,2,0,0,0,【高校　数学Ａ】　整数４０　１０進法→ｎ進法　（５分）,
2026-06-15,video,UCcj-cHmS0uD91MLjtdiN89Q,3,0,0,0,【高校　数学Ａ】　整数３９　１０進法→２進法　（７分）,
2026-06-15,video,UCcj-cHmS0uD91MLjtdiN89Q,4,0,0,0,【高校　数学Ａ】　整数３８　ｎ進法→１０進法　（８分）,
2026-06-15,video,UCcj-cHmS0uD91MLjtdiN89Q,3,0,0,0,【高校　数学Ａ】　整数３７　２進法→１０進法　（１０分）,
2026-06-15,video,UCcj-cHmS0uD91MLjtdiN89Q,5,0,0,0,【高校　数学Ａ】　整数３６　２進法とは？　（７分）,
2026-06-15,video,UCcj-cHmS0uD91MLjtdiN89Q,14,0,0,0,【高校　数学Ａ】　整数２６　互除法　（１５分）,
2026-06-15,video,UCcj-cHmS0uD91MLjtdiN89Q,11,0,0,0,【高校　数学Ａ】　整数２５　連続する整数の積　（１３分）,
2026-06-14,video,UCcj-cHmS0uD91MLjtdiN89Q,17,0,0,0,【高校　数学Ａ】　整数２４　余りの証明問題２　（２１分）,
2026-06-14,video,UCcj-cHmS0uD91MLjtdiN89Q,6,0,0,0,【高校　数学Ａ】　整数２３　余りの証明問題１　（１１分）,
2026-06-14,video,UCcj-cHmS0uD91MLjtdiN89Q,4,0,0,0,【高校　数学Ａ】　整数２３　余りの証明問題１　（１１分）,
2026-06-14,video,UCcj-cHmS0uD91MLjtdiN89Q,10,0,0,0,【高校　数学Ａ】　整数２２　余りを求める２　（９分）,
2026-06-14,video,UCcj-cHmS0uD91MLjtdiN89Q,11,0,0,0,【高校　数学Ａ】　整数２１　余りを求める１　（１１分）,
2026-06-14,video,UCcj-cHmS0uD91MLjtdiN89Q,6,0,0,0,【高校　数学Ａ】　整数２０　余りを表すコツ　（７分）,
2026-06-14,video,UCcj-cHmS0uD91MLjtdiN89Q,5,0,0,0,【高校　数学Ａ】　整数１９　負の整数の商と余り　（５分）,
2026-06-14,video,UCcj-cHmS0uD91MLjtdiN89Q,3,0,0,0,【高校　数学Ａ】　整数１８　割り算の商と余り　（７分）,
2026-06-14,video,UCcj-cHmS0uD91MLjtdiN89Q,3,0,0,0,【高校　数学Ａ】　整数１８　割り算の商と余り　（７分）,
2026-06-14,video,UCcj-cHmS0uD91MLjtdiN89Q,13,0,0,0,【高校　数学Ａ】　整数１５　互いに素２　（２０分）,
2026-06-14,video,UCcj-cHmS0uD91MLjtdiN89Q,8,0,0,0,【高校　数学Ａ】　整数１５　互いに素２　（２０分）,
2026-06-14,video,UCcj-cHmS0uD91MLjtdiN89Q,7,0,0,0,【高校　数学Ａ】　整数１４　互いに素１　（８分）,
2026-06-13,video,UCcj-cHmS0uD91MLjtdiN89Q,12,0,0,0,【高校　数学Ａ】　整数１３　最小公倍数２　（１４分）,
2026-06-13,video,UCcj-cHmS0uD91MLjtdiN89Q,33,0,0,0,【高校　数学Ａ】　整数１２　最小公倍数１　（１３分）,
2026-06-13,video,UCcj-cHmS0uD91MLjtdiN89Q,7,0,0,0,【高校　数学Ａ】　整数１１　最大公約数　（１５分）,
2026-06-13,video,UCvaTdHTWBGv3MKj3KVqJVCw,1,0,0,0,【MV】カミサマ・ネコサマ / 猫又おかゆ(official),
2026-06-12,video,UCcj-cHmS0uD91MLjtdiN89Q,5,0,0,0,【高校　数学Ａ】　整数１０　約数の個数　（１１分）,
2026-06-12,video,UCcj-cHmS0uD91MLjtdiN89Q,6,0,0,0,【高校　数学Ａ】　整数９　約数の求め方　（１０分）,
2026-06-12,video,UCcj-cHmS0uD91MLjtdiN89Q,7,0,0,0,【高校　数学Ａ】　整数８　素因数分解の利用　（１２分）,
2026-06-12,video,UCcj-cHmS0uD91MLjtdiN89Q,5,0,0,0,【高校　数学Ａ】　整数７　素因数分解　（９分）,
2026-06-12,video,UCcj-cHmS0uD91MLjtdiN89Q,6,0,0,0,【高校　数学Ａ】　整数６　素数　（８分）,
2026-06-12,video,UCcj-cHmS0uD91MLjtdiN89Q,3,0,0,0,【高校　数学Ａ】　整数５　３と９の倍数の判定　（７分）,
2026-06-12,video,UCcj-cHmS0uD91MLjtdiN89Q,7,0,0,0,【高校　数学Ａ】　整数４　４と８の倍数の判定　（１０分）,
2026-06-12,video,UCcj-cHmS0uD91MLjtdiN89Q,2,0,0,0,【高校　数学Ａ】　整数３　２と５の倍数の判定　（６分）,
2026-06-12,video,UCcj-cHmS0uD91MLjtdiN89Q,15,0,0,0,【高校　数学Ａ】　整数２　倍数の証明問題　（１５分）,
2026-06-12,video,UCcj-cHmS0uD91MLjtdiN89Q,7,0,0,0,【高校　数学Ａ】　整数１　倍数の表し方　（８分）,
2026-06-12,video,UCcj-cHmS0uD91MLjtdiN89Q,3,0,0,0,【高校　数学Ａ】　確率７　和事象１　（１５分）,
2026-06-11,video,UCcj-cHmS0uD91MLjtdiN89Q,6,0,0,0,【高校　数学Ａ】　確率７　和事象１　（１５分）,
2026-06-11,movie,m68341,146,,1,,冷たい熱帯魚,
2026-06-10,video,UCcj-cHmS0uD91MLjtdiN89Q,3,0,0,0,【高校　数学Ａ】　確率６　組合せの確率２　（１３分）,
2026-06-10,video,UCcj-cHmS0uD91MLjtdiN89Q,3,0,0,0,【高校　数学Ａ】　確率６　組合せの確率２　（１３分）,
2026-06-10,video,UCcj-cHmS0uD91MLjtdiN89Q,9,0,0,0,【高校　数学Ａ】　確率５　組合せの確率１　（１２分）,
2026-06-10,video,UCcj-cHmS0uD91MLjtdiN89Q,7,0,0,0,【高校　数学Ａ】　確率４　順列の確率（応用）　（１３分）,
2026-06-10,video,UCcj-cHmS0uD91MLjtdiN89Q,9,0,0,0,【高校　数学Ａ】　確率３　順列の確率（基本）　（１３分）,
2026-06-10,video,UCcj-cHmS0uD91MLjtdiN89Q,2,0,0,0,【高校　数学Ａ】　確率２　同様に確からしい　（９分）,
2026-06-10,video,UCcj-cHmS0uD91MLjtdiN89Q,3,0,0,0,【高校　数学Ａ】　確率１　確率とは？（７分）,
2026-06-10,video,UCcj-cHmS0uD91MLjtdiN89Q,6,0,0,0,【高校　数学Ａ】　場合の数３４　重複組合せ（１０分）,
2026-06-10,video,UCcj-cHmS0uD91MLjtdiN89Q,6,0,0,0,【高校　数学Ａ】　場合の数３４　重複組合せ（１０分）,
2026-06-10,video,UCcj-cHmS0uD91MLjtdiN89Q,9,0,0,0,【高校　数学Ａ】　場合の数３３　最短の道順　（１３分）,
2026-06-10,video,UCcj-cHmS0uD91MLjtdiN89Q,9,0,0,0,【高校　数学Ａ】　場合の数３３　最短の道順　（１３分）,
2026-06-10,video,UCcj-cHmS0uD91MLjtdiN89Q,9,0,0,0,【高校　数学Ａ】　場合の数３３　最短の道順　（１３分）,
2026-06-10,video,UCcj-cHmS0uD91MLjtdiN89Q,9,0,0,0,【高校　数学Ａ】　場合の数３３　最短の道順　（１３分）,
2026-06-10,video,UCcj-cHmS0uD91MLjtdiN89Q,2,0,0,0,【高校　数学Ａ】　場合の数３２　同じものを含む順列　（１２分）,
2026-06-10,video,UCcj-cHmS0uD91MLjtdiN89Q,2,0,0,0,【高校　数学Ａ】　場合の数３２　同じものを含む順列　（１２分）,
2026-06-10,video,UCcj-cHmS0uD91MLjtdiN89Q,5,0,0,0,【高校　数学Ａ】　場合の数３１　ＰとＣの違い　（１１分）,
2026-06-10,video,UCcj-cHmS0uD91MLjtdiN89Q,5,0,0,0,【高校　数学Ａ】　場合の数３１　ＰとＣの違い　（１１分）,
2026-06-10,video,UCcj-cHmS0uD91MLjtdiN89Q,4,0,0,0,【高校　数学Ａ】　場合の数３０　組分け　（１６分）,
2026-06-10,video,UCcj-cHmS0uD91MLjtdiN89Q,2,0,0,0,【高校　数学Ａ】　場合の数３０　組分け　（１６分）,
2026-06-10,video,UCcj-cHmS0uD91MLjtdiN89Q,2,0,0,0,【高校　数学Ａ】　場合の数２９　組合せの活用４　（１５分）,
2026-06-10,video,UCcj-cHmS0uD91MLjtdiN89Q,2,0,0,0,【高校　数学Ａ】　場合の数２９　組合せの活用４　（１５分）,
2026-06-10,video,UCcj-cHmS0uD91MLjtdiN89Q,5,0,0,0,【高校　数学Ａ】　場合の数２８　組合せの活用３　（９分）,
2026-06-10,video,UCcj-cHmS0uD91MLjtdiN89Q,4,0,0,0,【高校　数学Ａ】　場合の数２７　組合せの活用２　（１１分）,
2026-06-10,video,UCcj-cHmS0uD91MLjtdiN89Q,3,0,0,0,【高校　数学Ａ】　場合の数２６　組合せの活用１　（８分）,
2026-06-10,video,UCcj-cHmS0uD91MLjtdiN89Q,3,0,0,0,【高校　数学Ａ】　場合の数２５　組合せＣの性質　（９分）,
2026-06-10,video,UCcj-cHmS0uD91MLjtdiN89Q,3,0,0,0,【高校　数学Ａ】　場合の数２５　組合せＣの性質　（９分）,
2026-06-09,video,UCcj-cHmS0uD91MLjtdiN89Q,7,0,0,0,【高校　数学Ａ】　場合の数２４　組合せの計算　（１５分）,
2026-06-08,video,UCcj-cHmS0uD91MLjtdiN89Q,7,0,0,0,【高校　数学Ａ】　場合の数２３　組合せ　（１４分）,
2026-06-08,video,UCcj-cHmS0uD91MLjtdiN89Q,1,0,0,0,【高校　数学Ａ】　場合の数２２　重複順列　（１１分）,
2026-06-08,video,UCcj-cHmS0uD91MLjtdiN89Q,3,0,0,0,【高校　数学Ａ】　場合の数２２　重複順列　（１１分）,
2026-06-08,video,UCcj-cHmS0uD91MLjtdiN89Q,7,0,0,0,【高校　数学Ａ】　場合の数２１　円順列の応用　（１２分）,
2026-06-08,video,UCcj-cHmS0uD91MLjtdiN89Q,5,0,0,0,【高校　数学Ａ】　場合の数２０　円順列　（９分）,
2026-06-08,video,UCcj-cHmS0uD91MLjtdiN89Q,2,0,0,0,【高校　数学Ａ】　場合の数１９　順列の活用４　（１１分）,
2026-06-08,video,UCcj-cHmS0uD91MLjtdiN89Q,7,0,0,0,【高校　数学Ａ】　場合の数１８　順列の活用３　（１１分）,
2026-06-08,video,UCcj-cHmS0uD91MLjtdiN89Q,8,0,0,0,【高校　数学Ａ】　場合の数１７　順列の活用２　（１４分）,
2026-06-08,video,UCcj-cHmS0uD91MLjtdiN89Q,8,0,0,0,【高校　数学Ａ】　場合の数１７　順列の活用２　（１４分）,
2026-06-08,reading,,5,877,0,0,'社説：高齢者の労災　職場の熱中症対策を進めたい : 読売新聞' from 'https://www.yomiuri.co.jp/editorial/20260607-GYT1T00160/',
2026-06-07,video,UCcj-cHmS0uD91MLjtdiN89Q,3,0,0,0,【高校　数学Ａ】　場合の数１６　順列の活用１　（９分）,
2026-06-07,video,UCcj-cHmS0uD91MLjtdiN89Q,2,0,0,0,【高校　数学Ａ】　場合の数１５　順列の計算２　（９分）,
2026-06-07,video,UCcj-cHmS0uD91MLjtdiN89Q,2,0,0,0,【高校　数学Ａ】　場合の数１５　順列の計算２　（９分）,
2026-06-07,video,UCcj-cHmS0uD91MLjtdiN89Q,3,0,0,0,【高校　数学Ａ】　場合の数１４　順列の計算１　（１０分）,
2026-06-07,video,UCcj-cHmS0uD91MLjtdiN89Q,3,0,0,0,【高校　数学Ａ】　場合の数１４　順列の計算１　（１０分）,
2026-06-07,video,UCcj-cHmS0uD91MLjtdiN89Q,7,0,0,0,【高校　数学Ａ】　場合の数１３　順列とは？　（１１分）,
2026-06-07,video,UCcj-cHmS0uD91MLjtdiN89Q,1,0,0,0,【高校　数学Ａ】　場合の数１２　展開式の項　（６分）,
2026-06-07,video,UCcj-cHmS0uD91MLjtdiN89Q,5,0,0,0,【高校　数学Ａ】　場合の数１１　和・積の法則　（１４分）,
2026-06-07,video,UCcj-cHmS0uD91MLjtdiN89Q,4,0,0,0,【高校　数学Ａ】　場合の数１１　和・積の法則　（１４分）,
2026-06-07,video,UCcj-cHmS0uD91MLjtdiN89Q,9,0,0,0,【高校　数学Ａ】　場合の数１０　和の法則　（１３分）,
2026-06-07,video,UCcj-cHmS0uD91MLjtdiN89Q,10,0,0,0,【高校　数学Ａ】　場合の数９　積の法則　（１０分）,
2026-06-07,video,UCcj-cHmS0uD91MLjtdiN89Q,10,0,0,0,【高校　数学Ａ】　場合の数９　積の法則　（１０分）,
2026-06-07,video,UCcj-cHmS0uD91MLjtdiN89Q,7,0,0,0,【高校　数学Ａ】　場合の数８　樹形図　（９分）,
2026-06-07,video,UCcj-cHmS0uD91MLjtdiN89Q,5,0,0,0,【高校　数学Ａ】　場合の数７　場合の数とは？　（５分）,
2026-06-07,video,UCcj-cHmS0uD91MLjtdiN89Q,1,0,0,0,【高校　数学Ａ】　場合の数１　要素の個数　（１２分）,
2026-06-02,anime,172463,24,0,1,0,呪術廻戦 死滅回游 前編,
2026-06-02,anime,21,24,0,1,0,ONE PIECE,
2026-06-02,anime,14199,25,0,1,0,お兄ちゃんだけど愛さえあれば関係ないよねっ,
2026-06-02,anime,172463,24,0,1,0,呪術廻戦 死滅回游 前編,
2026-06-01,anime,172463,24,0,1,0,呪術廻戦 死滅回游 前編,
2026-06-01,anime,21,24,0,1,0,ONE PIECE,
2026-06-01,video,UCAYlrEFozIiH4gTEQd1uA1w,44,0,0,0,【地獄】色違い引いたら即厳選！全部引くまで終われない『異次元クライシス』開封がヤバすぎた…【ポケポケ／ポケモンSV】,
2026-06-01,anime,187464,24,0,1,0,東島丹三郎は仮面ライダーになりたい,
2026-06-01,anime,187464,24,0,1,0,東島丹三郎は仮面ライダーになりたい,
2026-06-01,anime,187464,24,0,1,0,東島丹三郎は仮面ライダーになりたい,
2026-06-01,anime,187464,24,0,1,0,東島丹三郎は仮面ライダーになりたい,
2026-05-31,video,UCAYlrEFozIiH4gTEQd1uA1w,14,0,0,0,【地獄】色違い引いたら即厳選！『シャイニングメガ』開封で色違いコンプした結果がすごすぎた【ポケポケ／ポケモンZA】,
2026-05-31,anime,187464,24,0,1,0,東島丹三郎は仮面ライダーになりたい,
2026-05-31,anime,187464,24,0,1,0,東島丹三郎は仮面ライダーになりたい,
2026-05-31,anime,187464,24,0,1,0,東島丹三郎は仮面ライダーになりたい,
2026-05-31,video,UCAYlrEFozIiH4gTEQd1uA1w,6,0,0,0,【総集編】色違いだけで殿堂入りを目指すポケモンHGSS【新・色違いマスターへの道】,
2026-05-31,video,UCAYlrEFozIiH4gTEQd1uA1w,1,0,0,0,【総集編】色違いだけで殿堂入りを目指すポケモンHGSS【新・色違いマスターへの道】,
2026-05-31,video,UCOeWNiJuAXSFauVvrBvTUbQ,8,0,0,0,ドコムスの「ポケットモンスターハートゴールド」ホワイト企業縛り総集編#1【ドコムス切り抜き】,
2026-05-31,video,UCh1KNi591kf2KRf1xI-X9TQ,10,0,0,0,【ポケモン人生縛り１日目】ポケモンをギャルゲーか何かと勘違いしてそうなおかゆんｗ【猫又おかゆ ホロライブ】,
2026-05-31,video,UCYTximhpSat0HHFPAI0UpUA,7,0,0,0,【超過酷】東京から札幌まで1番”安く”移動した人が勝ち！究極の移動対決,
2026-05-31,video,UCAYlrEFozIiH4gTEQd1uA1w,15,0,0,0,【地獄】色違い引いたら即厳選！『シャイニングメガ』開封で色違いコンプした結果がすごすぎた【ポケポケ／ポケモンZA】,
2026-05-31,video,UCg9mwxF0uacG3Q4N91wo2TQ,10,0,0,0,"【3日間】1日""100円vs1万円""しか食べられない生活で生き残ることはできるのか！？",
2026-05-30,video,UCFk-KI3ksDF38-oMG2j7aMQ,1,0,0,0,【24時間】1万円か1000円で休日を過ごさないといけません！24時間決められた金額で過ごさないといけない休日in原宿をやってみた結果・・・,
2026-05-30,video,UCYTximhpSat0HHFPAI0UpUA,9,0,0,0,【超過酷】ミャクミャク見たら”即帰宅”の大阪旅行したら難易度高すぎたwww,
2026-05-30,video,UCAYlrEFozIiH4gTEQd1uA1w,2,0,0,0,【地獄】色違い引いたら即厳選！『シャイニングメガ』開封で色違いコンプした結果がすごすぎた【ポケポケ／ポケモンZA】,
2026-05-30,video,UC7g0oK-PsfyHZKtxCOp2eUQ,3,0,0,0,【総集編】色違いだけでポケモン剣盾クリアしてみた結果…【色違い縛り実況】,
2026-05-30,video,UCAYlrEFozIiH4gTEQd1uA1w,7,0,0,0,【地獄】色違い引いたら即厳選！『シャイニングメガ』開封で色違いコンプした結果がすごすぎた【ポケポケ／ポケモンZA】,
2026-05-30,video,UCAYlrEFozIiH4gTEQd1uA1w,10,0,0,0,【地獄】色違い引いたら即厳選！『シャイニングメガ』開封で色違いコンプした結果がすごすぎた【ポケポケ／ポケモンZA】,
2026-05-30,video,UCAYlrEFozIiH4gTEQd1uA1w,15,0,0,0,【地獄】色違い引いたら即厳選！『シャイニングメガ』開封で色違いコンプした結果がすごすぎた【ポケポケ／ポケモンZA】,
2026-05-30,anime,187464,24,0,1,0,Tojima Wants to Be a Kamen Rider S1E12 - I'll Take All You Riders On,
2026-05-30,anime,187464,24,0,1,0,Tojima Wants to Be a Kamen Rider S1E11 - Tackle is the Strongest,
2026-05-30,anime,187464,24,,1,,Trakt: Tojima Wants to Be a Kamen Rider S1E10 - Risk Your Life,
2026-05-30,anime,14199,25,,1,,Trakt: OniAi S1E7 - Chippai,
2026-05-30,video,UCAYlrEFozIiH4gTEQd1uA1w,3,0,0,0,【地獄】色違い引いたら即厳選！『シャイニングメガ』開封で色違いコンプした結果がすごすぎた【ポケポケ／ポケモンZA】,
2026-05-30,reading,,10,904,0,0,蜘蛛の糸,
2026-05-29,video,UCAYlrEFozIiH4gTEQd1uA1w,7,0,0,0,【地獄】色違い引いたら即厳選！『シャイニングメガ』開封で色違いコンプした結果がすごすぎた【ポケポケ／ポケモンZA】,
2026-05-29,video,UCcj-cHmS0uD91MLjtdiN89Q,2,0,0,0,【高校　数学Ⅰ】　三角比３０　３辺→面積　（14分）,
2026-05-29,video,UCcj-cHmS0uD91MLjtdiN89Q,2,0,0,0,【高校　数学Ⅰ】　三角比２９　三角形の面積公式　（8分）,
2026-05-29,tv show,s239138,22,0,0,0,Kamen Rider Black,
2026-05-29,video,UCAYlrEFozIiH4gTEQd1uA1w,35,0,0,0,【総集編】色違いマスターへの道【ポケモンプラチナ】,
2026-05-28,video,UCAYlrEFozIiH4gTEQd1uA1w,11,0,0,0,【総集編】色違いマスターへの道【ポケモンプラチナ】,
2026-05-28,reading,,24,3368,0,0,注文の多い料理店,
2026-05-28,video,UC_g4ZR2f_Dp9A9vXb9tzXSQ,20,0,0,0,文学部に”””入ってしまった”””あなたへ,
2026-05-28,video,UCW01sMEVYQdhcvkrhbxdBpw,5,0,0,0,山岡家、マジかこれ,
2026-05-28,video,UCW01sMEVYQdhcvkrhbxdBpw,18,0,0,0,山岡家、マジかこれ,
2026-05-28,video,UCAYlrEFozIiH4gTEQd1uA1w,8,0,0,0,【総集編】色違いマスターへの道【ポケモンプラチナ】,
2026-05-28,anime,21,0,0,1,0,ONE PIECE,
2026-05-28,anime,14199,0,0,1,0,お兄ちゃんだけど愛さえあれば関係ないよねっ,
2026-05-28,anime,350,0,0,1,0,おジャ魔女どれみ,
2026-05-28,anime,187464,0,0,1,0,東島丹三郎は仮面ライダーになりたい,
2026-05-28,video,UChs763BvSPNRuoDLpcea8Zw,2,0,0,0,#014 アルバイトの面接｜Part-Time Job Interview【学生編】【ナタリーさん・パンケーキ屋の渡辺さん】 #ConversationalJapanese,
2026-05-27,video,UCAYlrEFozIiH4gTEQd1uA1w,12,0,0,0,【総集編】色違いマスターへの道【ポケモンプラチナ】,
2026-05-27,reading,,30,2275,0,0,​注文の多い料理店,
2026-05-27,video,UCAYlrEFozIiH4gTEQd1uA1w,24,0,0,0,【総集編】色違いマスターへの道【ポケモンプラチナ】,
2026-05-27,vn,v6985,50,9517,1,,ランス・クエスト,
2026-05-27,vn,v6985,12,1988,1,,ランス・クエスト,
2026-05-26,video,UCAYlrEFozIiH4gTEQd1uA1w,8,0,0,0,【総集編】色違いマスターへの道【ポケモンプラチナ】,
2026-05-24,video,UCAYlrEFozIiH4gTEQd1uA1w,40,0,0,0,【総集編】色違いマスターへの道【ポケモンプラチナ】,
2026-05-24,video,UCAYlrEFozIiH4gTEQd1uA1w,62,0,0,0,【総集編】色違いマスターへの道【ポケモンプラチナ】,
2026-05-24,video,UCvaTdHTWBGv3MKj3KVqJVCw,4,0,0,0,【 🟢ポケモン/エメラルド 】人生縛りでエメラルドｵｵｵｵｵッ🔥✦ #01【 猫又おかゆ/ホロライブ 】,
2026-05-24,video,UCCSYkCmtUZly_GA_jsUN1Rw,3,0,0,0,【V最協S6】今回のV最を振り返り、柊ツルギのすごさを語る渋ハル【渋谷ハル/にじさんじ/ホロライブ/ぶいすぽ/ネオポルテ/切り抜き】,
2026-05-23,video,UCcj-cHmS0uD91MLjtdiN89Q,1,0,0,0,【高校　数学Ⅰ】　三角比３２　正多角形の面積　（１１分）,
2026-05-23,video,UCcj-cHmS0uD91MLjtdiN89Q,3,0,0,0,【高校　数学Ⅰ】　三角比３３　内接円の半径　（１４分）,
2026-05-23,video,UCcj-cHmS0uD91MLjtdiN89Q,5,0,0,0,【高校　数学Ⅰ】　三角比３２　正多角形の面積　（１１分）,
2026-05-23,video,UCcj-cHmS0uD91MLjtdiN89Q,3,0,0,0,【高校　数学Ⅰ】　三角比３１　平行四辺形の面積　（６分）,
2026-05-23,video,UCcj-cHmS0uD91MLjtdiN89Q,5,0,0,0,【高校　数学Ⅰ】　三角比３０　３辺→面積　（14分）,
2026-05-23,video,UCcj-cHmS0uD91MLjtdiN89Q,3,0,0,0,【高校　数学Ⅰ】　三角比２９　三角形の面積公式　（8分）,
2026-05-23,video,UCcj-cHmS0uD91MLjtdiN89Q,4,0,0,0,【高校　数学Ⅰ】　三角比２８　辺と角の大小　（10分）,
2026-05-23,video,UCcj-cHmS0uD91MLjtdiN89Q,9,0,0,0,【高校　数学Ⅰ】　三角比２７　sinA：sinB：sinC　（10分）,
2026-05-23,video,UCcj-cHmS0uD91MLjtdiN89Q,3,0,0,0,【高校　数学Ⅰ】　三角比２６　三角形の辺と角　（21分）,
2026-05-23,video,UCcj-cHmS0uD91MLjtdiN89Q,2,0,0,0,【高校　数学Ⅰ】　三角比２６　三角形の辺と角　（21分）,
2026-05-23,video,UCvaTdHTWBGv3MKj3KVqJVCw,2,0,0,0,【 🟢ポケモン/エメラルド 】人生縛りでエメラルドｵｵｵｵｵッ🔥✦ #01【 猫又おかゆ/ホロライブ 】,
2026-05-22,video,UCvaTdHTWBGv3MKj3KVqJVCw,19,0,0,0,【 🔥クリア耐久 】スーパーマリオギャラクシー2⭐今日は星を見に行こう✦【 猫又おかゆ/ホロライブ 】,
2026-05-22,video,UCvaTdHTWBGv3MKj3KVqJVCw,14,0,0,0,【 🟢ポケモン/エメラルド 】人生縛りでエメラルドｵｵｵｵｵッ🔥✦ #01【 猫又おかゆ/ホロライブ 】,
2026-05-22,video,UCcj-cHmS0uD91MLjtdiN89Q,3,0,0,0,【高校　数学Ⅰ】　三角比２５　定理の使い分け　（15分）,
2026-05-22,video,UCcj-cHmS0uD91MLjtdiN89Q,3,0,0,0,【高校　数学Ⅰ】　三角比２５　定理の使い分け　（15分）,
2026-05-21,video,UCvaTdHTWBGv3MKj3KVqJVCw,26,0,0,0,【 🟢ポケモン/エメラルド 】人生縛りでエメラルドｵｵｵｵｵッ🔥✦ #01【 猫又おかゆ/ホロライブ 】,
2026-05-21,video,UCtC3B1n4XMiJmrDtu1Ni5qw,1,0,0,0,【ポケモンHGSS】＃１ ワカバタウンただいま！ジョウトの風を懐古しながらハートゴールドをプレイ【七瀬すず菜/にじさんじ】,
2026-05-21,video,UCUP8TmlO7NNra88AMqGU_vQ,1,0,0,0,#1【 ポケモンHGSS 】懐かしのハートゴールドプレイする！！【小清水 透 / にじさんじ】,
2026-05-21,video,UCIHxm_ouNqhMYH722uPscZg,18,,0,0,【検証/解説】ポケトレなら色違いを0.5％で簡単ゲットできる？何時間かかる？【ポケモン ダイヤモンド・パール/DPt】,
2026-05-20,video,UCcj-cHmS0uD91MLjtdiN89Q,4,0,0,0,【高校　数学Ⅰ】　三角比２４　余弦定理３　（12分）,
2026-05-20,video,UCcj-cHmS0uD91MLjtdiN89Q,11,0,0,0,【高校　数学Ⅰ】　三角比２２　余弦定理１　（12分）,
2026-05-20,video,UCcj-cHmS0uD91MLjtdiN89Q,6,0,0,0,【高校　数学Ⅰ】　三角比２１　正弦定理２　（10分）,
2026-05-20,video,UCcj-cHmS0uD91MLjtdiN89Q,10,0,0,0,【高校　数学Ⅰ】　三角比２０　正弦定理１　（16分）,
2026-05-20,video,UCcj-cHmS0uD91MLjtdiN89Q,6,0,0,0,【高校　数学Ⅰ】　三角比１９　直線の傾き　（9分）,
2026-05-18,video,UCcj-cHmS0uD91MLjtdiN89Q,3,0,0,0,【高校　数学Ⅰ】 三角比１８ 鈍角の時の相互関係2（16分）,
2026-05-18,video,UCcj-cHmS0uD91MLjtdiN89Q,3,0,0,0,【高校　数学Ⅰ】 三角比１７ 鈍角の時の相互関係1（11分）,
2026-05-18,video,UCcj-cHmS0uD91MLjtdiN89Q,2,0,0,0,【高校　数学Ⅰ】　三角比１６　tanθの方程式　（11分）,
2026-05-18,video,UCcj-cHmS0uD91MLjtdiN89Q,2,0,0,0,【高校　数学Ⅰ】　三角比１５　cosθの方程式　（12分）,
2026-05-18,video,UCcj-cHmS0uD91MLjtdiN89Q,7,0,0,0,【高校　数学Ⅰ】　三角比１４　sinθの方程式　（14分）,
2026-05-18,video,UCcj-cHmS0uD91MLjtdiN89Q,4,0,0,0,【高校　数学Ⅰ】　三角比１３　１８０°－θ　（10分）,
2026-05-18,video,UCcj-cHmS0uD91MLjtdiN89Q,1,0,0,0,"【高校　数学Ⅰ】　三角比１２　１３５°,１５０°　（9分）",
2026-05-18,video,UCcj-cHmS0uD91MLjtdiN89Q,6,0,0,0,【高校　数学Ⅰ】　三角比１１　１２０°　（11分）,
2026-05-17,video,UCcj-cHmS0uD91MLjtdiN89Q,7,0,0,0,【高校　数学Ⅰ】　三角比１１　１２０°　（11分）,
2026-05-17,video,UCcj-cHmS0uD91MLjtdiN89Q,5,0,0,0,【高校　数学Ⅰ】　三角比１０　９０°－θ　（10分）,
2026-05-17,video,UCcj-cHmS0uD91MLjtdiN89Q,15,0,0,0,【高校　数学Ⅰ】　三角比９　相互関係（公式）　（14分）,
2026-05-17,video,UCcj-cHmS0uD91MLjtdiN89Q,7,0,0,0,【高校　数学Ⅰ】　三角比８　相互関係（図）　（12分）,
2026-05-17,video,UCcj-cHmS0uD91MLjtdiN89Q,5,0,0,0,【高校　数学Ⅰ】　三角比７　長さを求める２　（11分）,
2026-05-17,vn,v6985,40,7261,1,,ランス・クエスト,
2026-05-17,video,UCcj-cHmS0uD91MLjtdiN89Q,3,0,0,0,【高校　数学Ⅰ】　三角比６　長さを求める１　（11分）,
2026-05-17,video,UCcj-cHmS0uD91MLjtdiN89Q,2,0,0,0,【高校　数学Ⅰ】　三角比４　有名角の比１　（12分）,
2026-05-17,video,UCcj-cHmS0uD91MLjtdiN89Q,4,0,0,0,【高校　数学Ⅰ】　三角比５　有名角の比２　（10分）,
2026-05-17,video,UCcj-cHmS0uD91MLjtdiN89Q,3,0,0,0,【高校　数学Ⅰ】　三角比４　有名角の比１　（12分）,
2026-05-16,video,UCcj-cHmS0uD91MLjtdiN89Q,5,0,0,0,"【高校　数学Ⅰ】　三角比３　sinθ,cosθとは　（11分）",
2026-05-16,video,UCcj-cHmS0uD91MLjtdiN89Q,6,0,0,0,【高校　数学Ⅰ】　三角比２　tanθとは　（１０分）,
2026-05-16,video,UCcj-cHmS0uD91MLjtdiN89Q,8,0,0,0,【高校　数学Ⅰ】　三角比１　直角三角形の比　（１０分）,
2026-05-16,video,UCcj-cHmS0uD91MLjtdiN89Q,1,0,0,0,【高校　数学Ⅰ】　２次関数２９　式の決定５　（１３分）,
2026-05-16,video,UCcj-cHmS0uD91MLjtdiN89Q,7,0,0,0,【高校　数学Ⅰ】　２次関数２８　式の決定４　（１１分）,
2026-05-16,video,UCcj-cHmS0uD91MLjtdiN89Q,15,0,0,0,【高校　数学Ⅰ】　２次関数２７　式の決定３　（１２分）,
2026-05-16,video,UCcj-cHmS0uD91MLjtdiN89Q,9,0,0,0,【高校　数学Ⅰ】　２次関数２６　式の決定２　（１４分）,
2026-05-16,video,UCcj-cHmS0uD91MLjtdiN89Q,8,0,0,0,【高校　数学Ⅰ】　２次関数２５　式の決定１　（１１分）,
2026-05-16,video,UCcj-cHmS0uD91MLjtdiN89Q,10,0,0,0,【高校　数学Ⅰ】　２次関数２４　最大・最小６　（１６分）,
2026-05-15,video,UCcj-cHmS0uD91MLjtdiN89Q,10,0,0,0,【高校　数学Ⅰ】　２次関数２３　最大・最小５　（１９分）,
2026-05-15,video,UCcj-cHmS0uD91MLjtdiN89Q,5,0,0,0,【高校　数学Ⅰ】　２次関数２２　最大・最小４　（１２分）,
2026-05-15,video,UCcj-cHmS0uD91MLjtdiN89Q,7,0,0,0,【高校　数学Ⅰ】　２次関数２１　最大・最小３　（１１分）,
2026-05-15,video,UCcj-cHmS0uD91MLjtdiN89Q,4,0,0,0,【高校　数学Ⅰ】　２次関数１９　最大・最小１　（１３分）,
2026-05-13,video,UCcj-cHmS0uD91MLjtdiN89Q,2,0,0,0,【高校　数学Ⅰ】　２次関数１８　座標と象限　（１０分）,
2026-05-13,video,UCcj-cHmS0uD91MLjtdiN89Q,12,0,0,0,【高校　数学Ⅰ】　２次関数１７　平行移動２　（１１分）,
2026-05-13,video,UCcj-cHmS0uD91MLjtdiN89Q,1,0,0,0,【高校　数学Ⅰ】　２次関数１７　平行移動２　（１１分）,
2026-05-13,video,UCcj-cHmS0uD91MLjtdiN89Q,3,0,0,0,【高校　数学Ⅰ】　２次関数１６　平行移動１　（１３分）,
2026-05-13,video,UCcj-cHmS0uD91MLjtdiN89Q,3,0,0,0,【高校　数学Ⅰ】　２次関数１６　平行移動１　（１３分）,
2026-05-13,video,UCcj-cHmS0uD91MLjtdiN89Q,8,,0,0,【高校　数学Ⅰ】　２次関数１２　頂点と軸　（８分）,
2026-05-13,video,UCcj-cHmS0uD91MLjtdiN89Q,11,,0,0,【高校　数学Ⅰ】　２次関数１１　グラフ７　（１１分）,
2026-05-13,video,UCcj-cHmS0uD91MLjtdiN89Q,15,,0,0,【高校　数学Ⅰ】　２次関数１０　グラフ６　（１５分）,
2026-05-13,video,UCcj-cHmS0uD91MLjtdiN89Q,13,,0,0,【高校　数学Ⅰ】　２次関数９　グラフ５　（１３分）,
2026-05-13,video,UCcj-cHmS0uD91MLjtdiN89Q,15,,0,0,【高校　数学Ⅰ】　２次関数８　グラフ４　（１５分）,
2026-05-13,video,UCcj-cHmS0uD91MLjtdiN89Q,10,,0,0,【高校　数学Ⅰ】　２次関数７　グラフ３　（９分）,
2026-05-13,video,UCcj-cHmS0uD91MLjtdiN89Q,15,,0,0,【高校　数学Ⅰ】　２次関数６　グラフ２　（１５分）,
2026-05-13,video,UCcj-cHmS0uD91MLjtdiN89Q,11,,0,0,【高校　数学Ⅰ】　２次関数５　グラフ１　（１１分）,
2026-05-13,video,UCcj-cHmS0uD91MLjtdiN89Q,5,0,0,0,【高校　数学Ⅰ】　２次関数１６　平行移動１　（１３分）,
2026-05-13,video,UCcj-cHmS0uD91MLjtdiN89Q,5,0,0,0,【高校　数学Ⅰ】　２次関数１６　平行移動１　（１３分）,
2026-05-13,video,UCcj-cHmS0uD91MLjtdiN89Q,8,0,0,0,【高校　数学Ⅰ】　２次関数１５　平方完成３　（１２分）,
2026-05-13,video,UCcj-cHmS0uD91MLjtdiN89Q,5,0,0,0,【高校　数学Ⅰ】　２次関数１４　平方完成２　（１４分）,
2026-05-13,video,UCcj-cHmS0uD91MLjtdiN89Q,11,0,0,0,【高校　数学Ⅰ】　２次関数１３　平方完成１　（１５分）,
2026-05-13,vn,v6985,15,3172,1,,ランス・クエスト,
2026-05-11,video,UCcj-cHmS0uD91MLjtdiN89Q,1,0,0,0,【高校　数学Ⅰ】　２次関数４　関数ｆ（ｘ）　（７分）,
2026-05-11,video,UCcj-cHmS0uD91MLjtdiN89Q,1,0,0,0,【高校　数学Ⅰ】　２次関数４　関数ｆ（ｘ）　（７分）,
2026-05-11,video,UCcj-cHmS0uD91MLjtdiN89Q,1,0,0,0,【高校　数学Ⅰ】　２次関数４　関数ｆ（ｘ）　（７分）,
2026-05-11,video,UCcj-cHmS0uD91MLjtdiN89Q,1,0,0,0,【高校　数学Ⅰ】　２次関数４　関数ｆ（ｘ）　（７分）,
2026-05-11,video,UCcj-cHmS0uD91MLjtdiN89Q,10,0,0,0,【高校　数学Ⅰ】　２次関数３　定義域・値域　（１２分）,
2026-05-11,video,web-video,11,0,0,0,【高校　数学Ⅰ】　２次関数２　関数のグラフ　（１０分）,
2026-05-11,vn,v6985,33,7483,1,,ランス・クエスト,
2026-05-11,movie,m36917,60,,1,,呪怨 黒い少女,
2026-05-11,vn,v6985,40,8393,1,,ランス・クエスト,
2026-05-10,vn,v6985,110,20000,1,,ランス・クエスト,
2026-05-09,vn,v6985,103,20787,1,,ランス・クエスト,
2026-05-08,vn,v6985,55,12222,1,,ランス・クエスト,
2026-05-07,vn,v6985,46,9235,1,,ランス・クエスト,
2026-05-07,vn,v6985,68,11740,1,,ランス・クエスト,
2026-05-07,vn,v6985,50,12186,1,,ランス・クエスト,
2026-05-07,vn,v6985,81,18221,1,,ランス・クエスト,
2026-05-06,vn,v6985,80,15982,1,,ランス・クエスト,
2026-05-06,vn,v6985,42,8747,1,,ランス・クエスト,
2026-05-05,vn,v6985,111,24438,1,,ランス・クエスト,
2026-05-05,tv show,s92408,44,,2,0,深夜食堂: Tokyo Stories,
2026-05-05,vn,v6985,39,9015,1,,ランス・クエスト,
2026-05-05,vn,v6985,117,23275,1,,ランス・クエスト,
2026-05-04,vn,v6985,88,17035,1,,ランス・クエスト,
2026-05-04,vn,v6985,19,3011,1,,ランス・クエスト,
2026-05-03,vn,v6985,70,12870,1,,ランス・クエスト,
2026-05-03,vn,v487,83,27484,1,,戦国ランス,
2026-05-01,vn,v487,92,34953,1,,戦国ランス,
2026-05-01,vn,v487,48,14796,1,,戦国ランス,
2026-04-30,vn,v487,91,25218,1,,戦国ランス,
2026-04-29,vn,v3746,164,42526,1,,リアル妹がいる大泉くんのばあい,
2026-04-28,vn,v3746,158,39228,1,,リアル妹がいる大泉くんのばあい,
2026-04-28,vn,v3746,63,16027,1,,リアル妹がいる大泉くんのばあい,
2026-04-27,vn,v3746,113,30124,1,,リアル妹がいる大泉くんのばあい,
2026-04-27,vn,v3746,144,30700,1,,リアル妹がいる大泉くんのばあい,
2026-04-26,vn,v3746,129,30552,1,,リアル妹がいる大泉くんのばあい,
2026-04-26,vn,v3746,145,30584,1,,リアル妹がいる大泉くんのばあい,
2026-04-26,vn,v3746,155,33375,1,,リアル妹がいる大泉くんのばあい,
2026-04-25,vn,v3746,136,24426,1,,リアル妹がいる大泉くんのばあい,
2026-04-23,vn,v3746,23,1377,1,,リアル妹がいる大泉くんのばあい,translating
2026-04-23,anime,197754,24,0,1,0,LIAR GAME,
2026-04-23,vn,v5657,61,9335,1,,もんむす・くえすと!前章 ～負ければ妖女に犯される～,
2026-04-22,vn,v5657,34,7206,1,,もんむす・くえすと!前章 ～負ければ妖女に犯される～,
2026-04-22,vn,v487,2,831,1,,戦国ランス,
2026-04-21,vn,v487,92,23234,1,,戦国ランス,
2026-04-21,vn,v487,65,17087,1,,戦国ランス,
2026-04-21,vn,v487,70,17555,1,,戦国ランス,
2026-04-19,vn,v26382,25,5245,1,,JK妹。,
2026-04-18,vn,v487,168,35960,1,,戦国ランス,
2026-04-16,vn,v487,58,12316,1,,戦国ランス,
2026-04-16,vn,v487,173,36138,1,,戦国ランス,
2026-04-15,vn,v26382,19,3045,1,,JK妹。,
2026-04-15,reading,,,949,0,0,yomiuri 熊本地震１０年　災害時のデマは命にかかわる,
2026-04-15,vn,v2047,68,28971,1,,RanceVI -ゼス崩壊-,
2026-04-14,vn,v2047,184,71512,1,,RanceVI -ゼス崩壊-,
2026-04-13,vn,v2047,82,29179,1,,RanceVI -ゼス崩壊-,
2026-04-13,anime,197754,24,,1,0,LIAR GAME,
2026-04-13,anime,14719,24,,1,0,ジョジョの奇妙な冒険 (TV),
2026-04-13,vn,v487,38,6525,0,0,戦国ランス,
2026-04-12,vn,v2047,109,36509,1,,RanceVI -ゼス崩壊-,
2026-04-12,vn,v2047,123,38427,1,,RanceVI -ゼス崩壊-,
2026-04-12,vn,v2047,173,58243,1,,RanceVI -ゼス崩壊-,
2026-04-11,vn,v2047,140,44438,1,,RanceVI -ゼス崩壊-,
2026-04-10,vn,v2047,167,52394,1,,RanceVI -ゼス崩壊-,
2026-04-09,vn,v2047,91,24533,1,,RanceVI -ゼス崩壊-,
2026-04-08,vn,v2047,114,15877,1,,RanceVI -ゼス崩壊-,
2026-04-08,vn,v2047,40,10000,0,0,RanceVI -ゼス崩壊-,
2026-04-08,vn,v2047,68,16186,1,,RanceVI -ゼス崩壊-,
2026-04-07,vn,v2047,66,17603,1,,RanceVI -ゼス崩壊-,
2026-04-07,vn,v2047,136,36291,1,,RanceVI -ゼス崩壊-,
2026-04-06,vn,v2047,105,27740,1,,RanceVI -ゼス崩壊-,
2026-04-05,vn,v2047,43,12471,1,,RanceVI -ゼス崩壊-,
2026-04-05,vn,v2047,181,41989,1,,RanceVI -ゼス崩壊-,
2026-04-04,vn,v2047,101,21391,1,,RanceVI -ゼス崩壊-,
2026-04-03,vn,v2047,50,10545,1,,RanceVI -ゼス崩壊-,
2026-04-03,vn,v2047,164,32608,1,,RanceVI -ゼス崩壊-,
2026-04-02,vn,v2047,134,28666,1,,RanceVI -ゼス崩壊-,
2026-04-02,vn,v2047,223,47383,1,,RanceVI -ゼス崩壊-,
2026-04-01,vn,v2046,438,102954,0,0,ランス５Ｄ －ひとりぼっちの女の子－,Entire Thing in a Day
2026-03-31,vn,v888,112,38466,0,0,闘神都市,
2026-03-30,vn,v888,73,21668,0,0,闘神都市,
2026-03-28,vn,v888,13,3130,0,0,闘神都市,
2026-03-28,vn,v888,27,6303,0,0,闘神都市,
2026-03-28,vn,v2016,68,4208,0,0,装甲悪鬼村正,
2026-03-27,vn,v26382,209,28209,1,,JK妹。,
2026-03-27,vn,v2045,333,84038,0,0,鬼畜王ランス,
2026-03-25,vn,v2045,358,67052,1,,鬼畜王ランス,
2026-03-24,vn,v2045,893,161025,0,0,鬼畜王ランス,
2026-03-11,vn,v2045,214,31558,0,0,鬼畜王ランス,
2026-03-09,vn,v1194,55,7500,1,,ヨスガノソラ,
2026-03-02,light-novel,182283,30,2820,1,,褐色娘のラティーナさんに俺の体が狙われている,
2026-02-24,tv show,s110316,400,,8,0,今際の国のアリス,
2026-02-24,anime,14719,216,,9,0,ジョジョの奇妙な冒険 (TV),
2026-02-22,movie,m9666,90,,1,,Ju-On: The Grudge 2,
2026-02-21,tv show,s110316,360,,8,0,今際の国のアリス,
2026-02-20,vn,v2045,31,4391,1,,鬼畜王ランス,
2026-02-19,anime,11757,,,2,,ソードアート・オンライン,
2026-02-19,anime,11757,,,1,,ソードアート・オンライン,
2026-02-19,movie,m11838,90,,1,,Ju-On: The Grudge,
2026-02-17,movie,m32250,110,,1,,Ju-On: The curse 1 & 2,
2026-02-16,tv show,s239138,22,,1,,仮面ライダーBLACK,
2026-02-16,anime,187464,,,1,,東島丹三郎は仮面ライダーになりたい,
2026-02-15,tv show,s239138,20,,1,,仮面ライダーBLACK,
2026-02-15,anime,187464,,,1,,東島丹三郎は仮面ライダーになりたい,
2026-02-15,anime,187464,,,3,,東島丹三郎は仮面ライダーになりたい,
2026-02-14,vn,v27916,43,5251,1,,死月妖花～四月八日～,
2026-02-14,anime,14719,,,3,,ジョジョの奇妙な冒険 (TV),
2026-02-13,tv show,s103445,26,,1,,Ju-On: Origins Ep.06 END,
2026-02-13,tv show,s103445,84,,1,,Ju-On: Origins 2 - 4,
2026-02-13,vn,v27916,56,6015,1,,死月妖花～四月八日～,
2026-02-12,vn,v38,18,1480,1,,シンフォニック＝レイン,
2026-02-12,tv show,,26,,1,,Ju-On: Origins Ep.05,
2026-02-12,vn,v27916,25,2676,1,,死月妖花～四月八日～,
2026-02-12,anime,14719,,,2,,ジョジョの奇妙な冒険 (TV),
2026-02-12,vn,v27916,80,7826,1,,死月妖花～四月八日～,
2026-02-11,vn,v27916,37,4678,1,,死月妖花～四月八日～,
2026-02-09,anime,14719,,,2,,ジョジョの奇妙な冒険 (TV),
2026-02-06,anime,14719,,,1,,ジョジョの奇妙な冒険 (TV),
2026-02-05,vn,v2045,34,6554,1,,鬼畜王ランス,
2026-02-05,anime,154587,,,1,,葬送のフリーレン,
2026-02-05,vn,v2045,147,24229,1,,鬼畜王ランス,
2026-02-03,tv show,s103445,30,,1,,Ju-On: Origins Ep 01,
2026-02-03,anime,14719,,,3,,ジョジョの奇妙な冒険 (TV),
2026-02-03,vn,v2045,10,3787,1,,鬼畜王ランス,
2026-02-03,vn,v16266,72,10616,0,0,輪舞曲Duo -夜明けのフォルテシモ- ぷにゅぷりff,
2026-02-02,vn,v27916,76,7383,0,0,死月妖花～四月八日～,
2026-02-02,anime,14719,,,2,,ジョジョの奇妙な冒険 (TV),
2026-02-01,vn,v2045,71,13157,1,,鬼畜王ランス,
2026-02-01,anime,14719,,,2,,ジョジョの奇妙な冒険 (TV) (03-04),
2026-01-31,vn,v2045,58,11879,0,0,鬼畜王ランス,
2026-01-30,anime,527,24,,1,0,ポケットモンスター,
2026-01-30,vn,v2045,104,14003,0,0,鬼畜王ランス,
2026-01-29,vn,v2045,194,33420,0,0,鬼畜王ランス,
2026-01-28,tv show,s110316,76,,1,,今際の国のアリス,
2026-01-28,tv show,,25,,1,,料理の鉄人 04,
2026-01-27,anime,14719,,,2,,ジョジョの奇妙な冒険 (TV),
2026-01-27,vn,v2045,320,47120,0,0,鬼畜王ランス,
2026-01-27,movie,m1425714,97,,1,,見える子ちゃん,
2026-01-26,tv show,s110316,72,,1,,今際の国のアリス,
2026-01-24,vn,v2044,92,19948,0,0,ランス４．２　～エンジェル組～,Entire Thing in a Day
2026-01-23,vn,v2043,145,37979,0,0,ランス４．１　～お薬工場を救え！～,Entire Thing in a Day
2026-01-22,vn,v2040,244,61621,0,0,ランス IV　－教団の遺産－,
2026-01-20,vn,v2040,262,53538,0,0,ランス IV　－教団の遺産－,
2026-01-18,vn,v2040,163,30151,0,0,ランス IV　－教団の遺産－,
2026-01-17,vn,v17642,120,25339,0,0,ランス03 リーザス陥落,
2026-01-17,vn,v17642,235,52068,0,0,ランス03 リーザス陥落,
2026-01-16,vn,v17642,230,41223,0,0,ランス03 リーザス陥落,
2026-01-15,vn,v17642,274,48087,0,0,ランス03 リーザス陥落,
2026-01-14,vn,v17642,349,51244,0,0,ランス03 リーザス陥落,
2026-01-13,vn,v17642,245,40041,0,0,ランス03 リーザス陥落,
2026-01-12,vn,v17642,308,50279,0,0,ランス03 リーザス陥落,
2026-01-11,vn,v17642,214,30058,0,0,ランス03 リーザス陥落,
2026-01-11,vn,v5244,60,5984,0,0,はなひらっ！,
2026-01-11,vn,v17642,144,17859,0,0,ランス03 リーザス陥落,
2026-01-10,vn,v17642,232,30874,0,0,ランス03 リーザス陥落,
2026-01-09,vn,v17642,223,30531,0,0,ランス03 リーザス陥落,
2026-01-08,vn,v17642,275,39691,0,0,ランス03 リーザス陥落,
2026-01-07,vn,v18970,256,48727,0,0,ランス02改 反逆の少女たち,
2026-01-05,vn,v18970,32,4061,0,0,ランス02改 反逆の少女たち,
2026-01-05,vn,v18970,74,10921,0,0,ランス02改 反逆の少女たち,
2026-01-04,vn,v14022,120,20720,0,0,ランス01 光をもとめて,
2026-01-04,vn,v14022,53,9198,0,0,ランス01 光をもとめて,
2026-01-04,vn,v14022,157,24246,0,0,ランス01 光をもとめて,
2026-01-03,vn,v14022,107,18423,0,0,ランス01 光をもとめて,
2026-01-03,vn,v14022,171,31978,0,0,ランス01 光をもとめて,
2026-01-02,vn,v14022,100,13753,0,0,ランス01 光をもとめて,
2026-01-01,vn,v14022,152,22131,0,0,ランス01 光をもとめて,
2025-12-31,vn,v14022,197,26927,0,0,ランス01 光をもとめて,
2025-12-31,vn,v14022,93,9917,0,0,ランス01 光をもとめて,
2025-12-30,vn,v37,27,1517,0,0,腐り姫 ～euthanasia～,
2025-12-29,vn,v37,58,4212,0,0,腐り姫 ～euthanasia～,
2025-12-26,vn,v1194,56,5000,0,0,ヨスガノソラ,
2025-12-26,vn,v37,13,1463,0,0,腐り姫 ～euthanasia～,
2025-12-25,vn,v19829,90,10683,0,0,9-nine-ここのつここのかここのいろ,
2025-12-25,anime,132126,,,2,0,Sonny Boy,
2025-12-24,vn,v19829,90,12082,0,0,9-nine-ここのつここのかここのいろ,
2025-12-23,vn,v16845,164,38871,0,0,妹のセイイキ,
2025-12-22,vn,v16845,142,25026,0,0,妹のセイイキ,
2025-12-20,vn,v16845,108,15311,0,0,妹のセイイキ,
2025-12-20,anime,20754,,,4,0,がっこうぐらし!,
2025-12-19,vn,v16845,57,4611,0,0,妹のセイイキ,
2025-12-19,vn,v16845,128,15014,0,0,妹のセイイキ,
2025-12-18,vn,v27066,40,3642,0,0,葛唄,
2025-12-18,vn,v16845,120,10140,0,0,妹のセイイキ,
2025-12-18,vn,v16845,,5002,0,0,妹のセイイキ,
2025-12-18,vn,v27066,,4928,0,0,葛唄,
2025-12-16,light-novel,85166,,1367,0,0,エロマンガ先生,
2025-12-15,vn,v16845,120,11190,0,0,妹のセイイキ,
2025-12-15,vn,v7738,,1853,0,0,君と彼女と彼女の恋。,
2025-12-14,vn,v16845,145,15149,0,0,妹のセイイキ,
2025-12-12,reading,,,2179,0,0,変態妹はお兄ちゃんをおもらしさせたい！,
2025-12-12,vn,v16845,,4031,0,0,妹のセイイキ,
2025-12-12,vn,v38,,1707,0,0,シンフォニック＝レイン,
2025-12-12,vn,v7738,,2950,0,0,君と彼女と彼女の恋。,
2025-12-12,vn,v38,,328,0,0,シンフォニック＝レイン,
2025-12-12,vn,v1194,,3779,0,0,ヨスガノソラ,
2025-12-11,reading,,,3648,0,0,変態妹はお兄ちゃんをおもらしさせたい！,
2025-12-11,vn,v1194,,14597,0,0,ヨスガノソラ,
2025-12-10,anime,20754,,,4,0,がっこうぐらし!,
2025-12-09,vn,v38,,4532,0,0,シンフォニック＝レイン,
2025-12-09,vn,v7738,,2800,0,0,君と彼女と彼女の恋。,
2025-12-08,vn,v1194,,5393,0,0,ヨスガノソラ,
2025-12-08,reading,,,578,0,0,ココロ,
2025-12-07,vn,v1194,,10036,0,0,ヨスガノソラ,
2025-12-06,anime,20754,,,4,0,がっこうぐらし!,
2025-12-04,vn,v37,,1957,0,0,腐り姫 ～euthanasia～,
2025-12-02,movie,m80650,122,,1,,僕は妹に恋をする,
2025-11-30,vn,v37,,1156,0,0,腐り姫 ～euthanasia～,
2025-11-30,vn,v37,,2000,0,0,腐り姫 ～euthanasia～,
2025-11-29,anime,20754,,,1,0,がっこうぐらし!,
2025-11-29,anime,20754,,,2,0,がっこうぐらし!,
2025-11-29,vn,v37,,4004,0,0,腐り姫 ～euthanasia～,
2025-11-28,vn,v37,,3001,0,0,腐り姫 ～euthanasia～,
2025-11-27,anime,21,24,,1,0,ONE PIECE,
2025-11-27,vn,v37,,8011,0,0,腐り姫 ～euthanasia～,
2025-11-26,vn,v38,43,1393,1,,シンフォニック＝レイン,
2025-11-25,vn,v37,,3006,0,0,腐り姫 ～euthanasia～,
2025-11-25,manga,74347,35,4703,0,64,ワンパンマン,
2025-11-25,vn,v38,,1366,0,0,シンフォニック＝レイン,
2025-11-24,vn,v37,,1122,0,0,腐り姫 ～euthanasia～,
2025-11-22,manga,74347,38,4905,0,140,ワンパンマン,
2025-11-22,vn,v37,,1227,0,0,腐り姫 ～euthanasia～,
2025-11-22,vn,v30458,,4247,0,0,ガマンができない童貞兄キと、スナオになれない反抗妹,
2025-11-21,vn,v37,,1033,0,0,腐り姫 ～euthanasia～,
2025-11-21,vn,v37,,1500,0,0,腐り姫 ～euthanasia～,
2025-11-21,vn,v38,105,4594,1,,シンフォニック＝レイン,
2025-11-14,vn,v37,,834,0,0,腐り姫 ～euthanasia～,
2025-11-06,video,UCvaTdHTWBGv3MKj3KVqJVCw,36,,0,0,【 #突発ホロAmongUs 】突発も突発の突発でIKzzzzzz【 猫又おかゆ/ホロライブ 】,
2025-11-06,manga,30013,180,21000,0,210,ONE PIECE 001,
2025-11-04,video,UCeuSAqXb_yc1kjwqubHqgrQ,10,,0,0,【大喜利】影が薄すぎてかくれんぼ無双するやつ,
2025-11-04,video,UC9V4eJBNx_hOieGG51NZ6nA,10,,0,0,【漫画】メンタルが落ちた時の対処法【マンガ動画】,
2025-11-04,video,UCoB2VO2CJgRc6NZvuxL2SoA,8,,0,0,【ツンデレ？妹×添い寝】寝ている妹に突撃したらなんだかんだで添い寝してくれた【男性向けシチュボ】,
2025-11-04,video,UCWg7ig9a-uPr6_3I5ZAGpcw,20,,0,0,リスニング力0から海外ドラマを英語で見れるようになった方法,
2025-11-03,light-novel,43667,,5207,0,0,俺の妹がこんなに可愛いわけがない,
2025-11-03,vn,v5711,219,9618,,,灯穂奇譚,
2025-11-02,tv show,s136895,15,,0,0,yamishibai,
2025-11-02,anime,19383,15,,3,0,闇芝居,
2025-11-02,video,UCGWIHirDJZG__-VUuxXzWgw,5,,0,0,アフターエフェクト初心者が100時間練習したらどのくらい上達する？,
2025-11-02,anime,14719,,,1,0,ジョジョの奇妙な冒険 (TV),
2025-11-02,video,UC3-1iYGHfR43q_b974vUNYg,4,,0,0,【漫画】やめた方がいいお金の使い方/Bad Ways to Use Money【マンガ動画】,
2025-11-02,video,UCzXjPL7zo0bxhOYDxLJ9YEg,30,,0,0,日本の山奥にある「温泉」を舞台にした不気味なホラーゲーム【霧の温泉 Misty Onsen】,
2025-11-02,video,UCWg7ig9a-uPr6_3I5ZAGpcw,62,,0,0,【留学なし】字幕なしでドラマを見れて英語を話せるようになった方法,
2025-11-02,vn,v3663,30,1702,0,0,黒愛　一夜妻館・淫口乱乳録,
2025-11-02,video,UCWg7ig9a-uPr6_3I5ZAGpcw,18,,0,0,英語力0の底辺大学生が留学せずに家で海外ドラマを見続けた結果,
2025-11-02,video,UCGWIHirDJZG__-VUuxXzWgw,7,,0,0,自作PC初心者がパソコンの組み立て方を学んでみた,
2025-11-02,video,UCKjAIKhPJEzxkzD9cSOX9_A,21,,0,0,やめたら人生が変わった7つの習慣,
2025-11-02,anime,11061,96,,4,0,HUNTER×HUNTER (2011),
2025-11-01,anime,99426,,,1,0,宇宙よりも遠い場所,
2025-11-01,anime,114979,48,,2,0,ラブライブ!スーパースター!!,
2025-10-17,tv show,s110316,70,,,,今際の国のアリスS03E03,
2025-10-15,anime,140842,12,,6,0,ちいかわ,
2025-10-15,tv show,s110316,60,,,,今際の国のアリスS03E02,
2025-10-14,vn,v5883,40,4308,0,0,ROBOTICS;NOTES,
2025-10-12,tv show,s110316,60,,,,今際の国のアリス,
2025-09-29,vn,v1194,22,3912,,,ヨスガノソラ,
2025-09-20,vn,v1194,32,5719,,,ヨスガノソラ,
2025-09-20,audio,,79,,0,0,俺の妹　ドラマCD,
2025-09-15,anime,114979,24,,1,0,ラブライブ!スーパースター!!,
2025-08-21,video,UCzXjPL7zo0bxhOYDxLJ9YEg,46,,0,0,今話題の1980年代の日本を舞台としたホラーゲーム「ウツロマユ」がリアルすぎて凄い,
2025-08-19,anime,114979,144,,6,0,ラブライブ!スーパースター!!,
2025-08-12,anime,527,120,,5,0,ポケットモンスター,
2025-08-03,anime,112788,59,,1,,海辺のエトランゼ,
2025-07-14,video,UCGWIHirDJZG__-VUuxXzWgw,7,,1,,DIY初心者がゲーミングルームを作ってみた【30日間】,
2025-07-11,vn,v1194,98,12018,,,ヨスガノソラ,
2025-07-11,video,UCljYHFazflmGaDr5Lo90KmA,7,,1,,-198℃の氷の剣を作ってみた,
2025-07-10,vn,v1194,110,14265,,,ヨスガノソラ,
2025-07-09,vn,v1194,75,7135,,,ヨスガノソラ,
2025-07-07,video,UCljYHFazflmGaDr5Lo90KmA,22,,1,,鬼ほど回転したディスクを解き放ったら凄まじい威力だった,
2025-07-07,video,UCljYHFazflmGaDr5Lo90KmA,6,,1,,超巨大ゼリーに高い所から落ちても痛くない説！！,
2025-07-07,video,UCC6NLrfzIBCkgNWZfWiF41Q,20,,1,,アイテムしりとりでダイヤまでつなげるチャレンジ【マイクラ】【縛り】,
2025-07-02,anime,169417,,,1,,Re:Monster,
2025-07-01,light-novel,118760,35,3600,0,0,la mommy 90 - 100%,
2025-07-01,vn,v255,30,2348,,,アメサラサ～雨と、不思議な君に、恋をする～,
2025-07-01,video,UCoB2VO2CJgRc6NZvuxL2SoA,8,,1,,【ブラコン妹×ダウナー×嫉妬】俺にだけ心を開いてくれていたはずのダウナー妹がなぜか不機嫌になってしまって…？ 【男性向けシチュボ】,
2025-06-30,vn,v6035,30,2748,0,0,俺妹プラス,
2025-06-30,anime,169417,,,1,,Re:Monster,
2025-06-29,vn,v7771,15,484,1,,WHITE ALBUM2,
2025-06-29,vn,v255,90,3950,,,アメサラサ～雨と、不思議な君に、恋をする～,
2025-06-29,vn,v7771,96,3396,,,WHITE ALBUM2,
2025-06-28,video,UCoB2VO2CJgRc6NZvuxL2SoA,8,,0,0,【ブラコン妹×嫉妬】友達の妹を褒めまくっていたらだんだん妹の機嫌が悪くなってきて…？【男性向けシチュボ】,
2025-06-27,anime,14199,,,2,0,お兄ちゃんだけど愛さえあれば関係ないよねっ,
2025-06-21,video,UCljYHFazflmGaDr5Lo90KmA,18,,1,,"1,800℃の鉄を投げてファイアマリオになりたい【大爆発】",
2025-06-21,video,UCC6NLrfzIBCkgNWZfWiF41Q,16,,1,,新難易度「ベイビー」をザコ初心者にやらせてみた【マイクラ】,
2025-06-21,video,UCusm0gJ-vCASwqk4N85AJ6g,5,,1,,【ﾏﾖﾁｬﾝねる】深夜におさんぽしてみた【野外彫刻あり】,
2025-06-21,video,UCSkLRGGIGKOtinamhcy_42g,27,,,,#1 枝豆の画家の奇跡の物語【Passpartout 2】,
2025-06-19,anime,14199,,,2,0,お兄ちゃんだけど愛さえあれば関係ないよねっ,
2025-06-18,video,UCzXjPL7zo0bxhOYDxLJ9YEg,19,,0,0,死んでしまった主人公が「あの世へ行く道を探す」ホラーゲーム【この世からの脱出】,
2025-06-18,light-novel,118760,310,45356,0,0,la mommy 6 27 - 89%,
2025-06-17,video,UCoB2VO2CJgRc6NZvuxL2SoA,9,,0,0,【ブラコン妹×ツンデレ】嫌味ばっかり言ってくる妹は自分のことが嫌いなのかと思っていたけど…？【男性向けシチュボ】,
2025-06-17,video,UCoB2VO2CJgRc6NZvuxL2SoA,8,,0,0,【ツンデレ妹×看病】ツンデレ妹はなんだかんだ兄が大好きなブラコンで…？【男性向けシチュボ】,
2025-06-16,video,UCvaTdHTWBGv3MKj3KVqJVCw,348,,0,0,【 マリオカートワールド 】レート8500耐久ﾃﾞｽ🔥😸【 猫又おかゆ/ホロライブ 】,
2025-06-15,anime,11061,,,3,0,HUNTER×HUNTER (2011),
2025-06-14,video,UCvaTdHTWBGv3MKj3KVqJVCw,192,,0,0,【 マリオカートワールド 】レートあげたいのです!!!!【 猫又おかゆ/ホロライブ 】,
2025-06-14,video,UCzXjPL7zo0bxhOYDxLJ9YEg,69,,0,0,神アプデで犯罪者が来店する「自分だけのスーパーマーケットを経営できるゲーム」がヤバすぎる【Supermarket Simulator】,
2025-06-14,video,UCzXjPL7zo0bxhOYDxLJ9YEg,9,,0,0,グロ注意 - 上司の首を全力で絞めるスーパーヒーロー - 実況プレイ,
2025-06-14,video,UC0nP81Fj8D1HveiG45W_G1g,4,,0,0,【漫画】スライムから転生したら人間だった件,
2025-06-14,video,UCMJiPpN_09F0aWpQrgbc_qg,84,,0,0,１人で新作マリオカートワールドやって俺よりイカれてる奴いんの？,
2025-06-13,video,UCzXjPL7zo0bxhOYDxLJ9YEg,49,,0,0,『かくれんぼじゃない』このホラーゲームの真相に気づいてしまった…【あかねちゃんのかくれんぼ大作戦】,
2025-06-13,video,UCzXjPL7zo0bxhOYDxLJ9YEg,34,,0,0,住所や個人情報が特定されるマイクラホラーMODが不気味で怖すぎる【マインクラフト Inside The System】,
2025-06-13,video,UCSjVwMqrKUEBeJFQ3ZxvsKA,17,,0,0,短編映画 「あなたのチ◯コは何センチ？」,
2025-06-13,video,UCGTdp5GmmUiaCCmkIRsNZng,3,,0,0,妹の作ったシチューを食べて大興奮なりｺﾎﾟｫww,
2025-06-13,video,UCvaTdHTWBGv3MKj3KVqJVCw,210,,0,0,【 マリオカートワールド 】れっつごおおおおおおおおおおお【 猫又おかゆ/ホロライブ 】,
2025-06-12,video,UC0nP81Fj8D1HveiG45W_G1g,27,,0,0,【漫画】人類滅亡して最後の１人になったら？(Full.Ver),
2025-06-11,video,UCzXjPL7zo0bxhOYDxLJ9YEg,52,,0,0,"新モード「サバイバル」で""史上最悪の""伝説が生まれた瞬間。【マリオカートワールド】",
2025-06-11,video,UCusm0gJ-vCASwqk4N85AJ6g,5,,0,0,【ﾏﾖﾁｬﾝねる】深夜におさんぽしてみた【野外彫刻あり】,
2025-06-11,video,UC3-1iYGHfR43q_b974vUNYg,2,,0,0,【漫画】パン屋さんでありがちなこと５選【マンガ動画】 #三姉妹シリーズ,
2025-06-11,anime,143200,,,1,0,Summer Pockets,
2025-06-06,vn,v12849,68,7199,,,蒼の彼方のフォーリズム,
2025-06-05,video,UCljYHFazflmGaDr5Lo90KmA,4,,0,0,https://www.youtube.com/watch?v=IsRP6wuSBIo,
2025-06-05,anime,21096,60,,1,0,Doukyuusei,
2025-06-03,video,UCzXjPL7zo0bxhOYDxLJ9YEg,48,,0,0,ポッキー トラウマ級に怖い笑顔の男に襲われるホラーゲームが笑える【ニコニコさん | Niconico-san】 https://www.youtube.com/watch?v=Uu0WdBlZYZI,
2025-06-03,anime,232,,,2,0,Cardcaptor Sakura,
2025-06-02,vn,v22345,30,4283,0,0,"Onii-chan, Asa made Zutto Gyutte Shite!",
2025-06-02,vn,v12849,80,8783,,,蒼の彼方のフォーリズム,
2025-06-02,anime,232,,,2,,カードキャプターさくら,
2025-06-01,anime,232,,,3,,カードキャプターさくら,
2025-06-01,vn,v12849,44,5320,,,蒼の彼方のフォーリズム,
2025-05-31,vn,v26902,23,2990,1,,マルコと銀河竜,
2025-05-31,anime,232,,,7,,カードキャプターさくら,
2025-05-29,manga,30436,22,1518,0,29,うずまき,
2025-05-26,anime,143200,,0,2,0,Summer Pockets,
2025-05-25,anime,232,,0,10,0,Cardcaptor Sakura,
2025-05-25,vn,v26902,120,0,0,0,Marco to Ginga Ryuu,
2025-05-23,vn,6825f0c3176855f6ce7dbf7b,85,0,0,0,"Onii-chan, Asa made Zutto Gyutte Shite!",
2025-05-18,anime,6831fb1ace7bfd5568194c17,,0,1,0,Himouto! Umaru-chan,
2025-05-15,vn,6825f0c3176855f6ce7db649,64,0,0,0,9-nine- Kokonotsu Kokonoka Kokonoiro,
2025-05-15,light-novel,118760,143,0,0,0,Musume ja Nakute Mama ga Suki nano!?,
2025-05-15,anime,6831fd5ace7bfd5568194d2f,,0,2,0,HUNTER×HUNTER (2011),
2025-05-13,anime,6831fd5ace7bfd5568194d2f,,0,4,0,HUNTER×HUNTER (2011),
2025-05-13,vn,6825f0c3176855f6ce7db649,170,0,0,0,9-nine- Kokonotsu Kokonoka Kokonoiro,
2025-05-13,anime,6831fd5ace7bfd5568194d2f,,0,5,0,HUNTER×HUNTER (2011),
2025-05-13,anime,5081,,,2,0,化物語,
2025-05-10,anime,6831fd5ace7bfd5568194d2f,,0,10,0,HUNTER×HUNTER (2011),
2025-05-09,anime,6831fd5ace7bfd5568194d2f,,0,4,0,HUNTER×HUNTER (2011),
2025-05-09,anime,6833ed6d234267e1170dd0a7,,0,3,0,Masamune-kun no Revenge,
2025-05-09,anime,6833efe5234267e1170dd10e,,0,1,0,Masamune-kun no Revenge R,
2025-05-09,light-novel,118760,54,6479,0,0,la mommy 6 17 - 26%,
2025-05-07,anime,6831fd5ace7bfd5568194d2f,,0,9,0,HUNTER×HUNTER (2011),
2025-05-07,anime,6824a15ed03a77177da85faf,,0,1,0,Bakemonogatari,
2025-05-07,anime,6833ed6d234267e1170dd0a7,,0,2,0,Masamune-kun no Revenge,
2025-05-07,anime,6831fd5ace7bfd5568194d2f,,0,7,0,HUNTER×HUNTER (2011),
2025-05-06,anime,6833ed6d234267e1170dd0a7,,0,7,0,Masamune-kun no Revenge,
2025-05-06,anime,6831fd5ace7bfd5568194d2f,,0,2,0,HUNTER×HUNTER (2011),
2025-05-06,light-novel,118760,104,11519,0,0,la mommy 6 0 - 16%,
2025-05-05,anime,6824a15ed03a77177da85faf,,0,1,0,Bakemonogatari,
2025-05-05,audio,,20,0,0,0,世界一やさしい「やりたいこと」の見つけ方 人生のモヤモヤから解放される自己理解メソッド,
2025-05-05,anime,6831fd5ace7bfd5568194d2f,,0,6,0,HUNTER×HUNTER (2011),
2025-05-04,anime,6831fd5ace7bfd5568194d2f,,0,5,0,HUNTER×HUNTER (2011),
2025-05-04,anime,6824a15ed03a77177da85faf,,0,1,0,Bakemonogatari,
2025-05-04,anime,6831fd5ace7bfd5568194d2f,,0,7,0,HUNTER×HUNTER (2011),
2025-05-04,anime,6833ebc6234267e1170dd076,,0,1,0,ONE PIECE,
2025-05-02,anime,6831fd5ace7bfd5568194d2f,,0,12,0,HUNTER×HUNTER (2011),
2025-05-01,anime,6831fd5ace7bfd5568194d2f,,0,3,0,HUNTER×HUNTER (2011),
2025-04-30,manga,30026,103,13286,,185,HUNTER×HUNTER v04,
2025-04-30,anime,11061,,,4,,hunter x hunter,
2025-04-30,light-novel,43667,152,23515,,,oreimo 5 80% - 100%,
2025-04-30,anime,11061,,,3,,hunter x hunter,
2025-04-29,anime,11061,,,11,,hunter x hunter,
2025-04-29,video,UCBOW9JS4366gwX_rFFgZNTw,6,,1,,パーカー / 大学生の日常 【疑問】大学ぼっちはテスト期間をどのように過ごしているのか【大学生の一日】 https://www.youtube.com/watch?v=X_NTX8p-sdI,
2025-04-29,vn,v19829,196,29303,,,9-nine-ここのつここのかここのいろ,
2025-04-28,anime,11061,,,9,,hunter x hunter,
2025-04-28,vn,v19829,240,31029,,,9-nine-ここのつここのかここのいろ,
2025-04-27,video,UCMJiPpN_09F0aWpQrgbc_qg,88,,,,キヨ。 １円で買った ハンター×ハンター のヤバすぎるクソゲー『 ハンターの系譜 』がめちゃくちゃ笑える https://www.youtube.com/watch?v=ZRP8u0qSktk,
2025-04-27,anime,357,,,3,,撲殺天使ドクロちゃん,
2025-04-27,video,UC3-1iYGHfR43q_b974vUNYg,4,,1,,フェルミ研究所 FermiLab 【漫画】友達ができない人の特徴【マンガ動画】 https://www.youtube.com/watch?v=pSspt2MVetI,
2025-04-27,video,UC3-1iYGHfR43q_b974vUNYg,3,,1,,フェルミ研究所 FermiLab 【漫画】ぼっち大学生の１日の過ごし方【マンガ動画】 https://www.youtube.com/watch?v=YcjtIxe64oI,
2025-04-27,video,UC3-1iYGHfR43q_b974vUNYg,4,,1,,フェルミ研究所 FermiLab 【漫画】高校生のうちにやっておくべきこと５選【マンガ動画】 https://www.youtube.com/watch?v=4iagNdn92dg,
2025-04-27,video,UC3-1iYGHfR43q_b974vUNYg,4,,1,,フェルミ研究所 FermiLab 【漫画】なぜ人生はこんなにもつまらないのですか？【マンガ動画】 https://www.youtube.com/watch?v=V8pXiW9X6hU,
2025-04-27,manga,41593,77,12594,,131,ゆるゆり v07,
2025-04-27,anime,11061,,,3,,hunter x hunter,
2025-04-27,anime,11061,,,3,,hunter x hunter,
2025-04-26,video,UCvaTdHTWBGv3MKj3KVqJVCw,263,,,,Okayu Ch. 猫又おかゆ 【スーパーマリオギャラクシー】クリア耐久🔥🔥🔥 まったりぎゃらくし～～🌌【猫又おかゆ/ホロライブ】 https://www.youtube.com/watch?v=zdkleg0Bfns,
2025-04-26,anime,357,,,3,,撲殺天使ドクロちゃん,
2025-04-26,movie,m59944,100,,,,君に届け,
2025-04-25,anime,165171,,,1,,メダリスト,
2025-04-25,vn,v44,70,10153,,,ユメミルクスリ,
2025-04-25,vn,v19829,115,13958,,,9-nine-ここのつここのかここのいろ,
2025-04-24,vn,v16845,37,6720,,,妹のセイイキ,
2025-04-24,anime,165171,,,3,,メダリスト,
2025-04-23,vn,v44,132,14856,,,ユメミルクスリ,
2025-04-21,anime,143200,,,1,,Summer Pockets,
2025-04-21,video,,27,,,,Bio Planet WoO,
2025-04-21,vn,v44,115,20508,,,ユメミルクスリ,
2025-04-20,vn,v44,240,34761,,,ユメミルクスリ,
2025-04-19,manga,41593,76,14333,,148,ゆるゆり v06,
2025-04-19,tv show,s88570,45,,,,あなたの番です,
2025-04-19,movie,m504253,108,,,,君の膵臓をたべたい,
2025-04-19,vn,v44,65,10383,,,ユメミルクスリ,
2025-04-18,manga,30026,113,13829,,185,HUNTER×HUNTER v03,
2025-04-18,reading,,58,5083,,,告白 19 - 22%,
2025-04-18,vn,v44,61,8411,,,ユメミルクスリ,
2025-04-17,vn,v44,120,16471,,,ユメミルクスリ,
2025-04-17,vn,v44,120,16305,,,ユメミルクスリ,
2025-04-16,anime,11061,,,57,0,HUNTER×HUNTER (2011),
2025-04-16,vn,v44,67,11217,,,ユメミルクスリ,
2025-04-16,vn,v22345,50,10178,,,お兄ちゃん、朝までずっとギュッてして！,
2025-04-16,tv show,s88570,45,,,,あなたの番です,
2025-04-15,anime,11061,,,30,0,HUNTER×HUNTER (2011),
2025-04-15,video,UCzXjPL7zo0bxhOYDxLJ9YEg,52,,,,ポッキー 「奇妙な事が起きまくる夜の教室」で30日間を過ごすゲームが不気味すぎる【第八中学校】 https://www.youtube.com/watch?v=sYjFA5rW9WQ,
2025-04-15,vn,v44,63,7484,,,ユメミルクスリ,
2025-04-15,vn,v22345,57,11408,,,お兄ちゃん、朝までずっとギュッてして！,
2025-04-14,vn,v44,32,3799,,,ユメミルクスリ,
2025-04-14,anime,143200,,,1,,Summer Pockets,
2025-04-14,vn,v22345,73,14215,,,お兄ちゃん、朝までずっとギュッてして！,
2025-04-14,reading,,45,3812,,,告白 15 - 18%,
2025-04-13,anime,153554,,,2,,男女の友情は成立する？（いや、 しないっ!!）,
2025-04-12,vn,v22345,83,14233,,,お兄ちゃん、朝までずっとギュッてして！,
2025-04-12,tv show,s88570,45,,,,あなたの番です,
2025-04-11,vn,v44,63,10316,,,ユメミルクスリ,
2025-04-11,vn,v22345,53,10216,,,お兄ちゃん、朝までずっとギュッてして！,
2025-04-11,tv show,s88570,45,,,,あなたの番です,
2025-04-11,vn,v22345,115,20750,,,お兄ちゃん、朝までずっとギュッてして！,
2025-04-10,tv show,s88570,45,,,,あなたの番です,
2025-04-10,vn,v22345,60,9020,,,お兄ちゃん、朝までずっとギュッてして！,
2025-04-10,anime,174802,,,1,,紫雲寺家の子供たち,
2025-04-09,video,,28,,,,Bio Planet WoO,
2025-04-09,movie,m414770,76,,,,Antiporno (2016),
2025-04-09,vn,v22345,62,9010,,,お兄ちゃん、朝までずっとギュッてして！,
2025-04-09,tv show,s110316,76,,,,今際の国のアリス,
2025-04-09,anime,3455,,,1,,To LOVEる -とらぶる-,
2025-04-08,vn,v22345,58,8583,,,お兄ちゃん、朝までずっとギュッてして！,
2025-04-08,tv show,s110316,55,,,,今際の国のアリス,
2025-04-08,reading,,45,5083,,,告白 12 - 15%,
2025-04-08,tv show,s110316,71,,,,今際の国のアリス,
2025-04-08,vn,v22345,61,8178,,,お兄ちゃん、朝までずっとギュッてして！,
2025-04-08,tv show,s110316,60,,,,今際の国のアリス,
2025-04-08,video,UCr1zZcrgK3k-KvH5KnfHtXQ,8,,1,,nana825763 PiroPito First Playthrough of Minecraft #05 https://www.youtube.com/watch?v=0d77BqPWDUE,
2025-04-08,video,UCr1zZcrgK3k-KvH5KnfHtXQ,7,,1,,nana825763 PiroPito First Playthrough of Minecraft #04 https://www.youtube.com/watch?v=7IG2R_6eS9w,
2025-04-07,video,UCr1zZcrgK3k-KvH5KnfHtXQ,2,,1,,nana825763 PiroPito First Playthrough of Minecraft #03 https://www.youtube.com/watch?v=YoUAA_G0mhs,
2025-04-07,video,UCr1zZcrgK3k-KvH5KnfHtXQ,4,,1,,nana825763 PiroPito First Playthrough of Minecraft #02 https://www.youtube.com/watch?v=BCDnCma-Mxk,
2025-04-07,video,UCr1zZcrgK3k-KvH5KnfHtXQ,5,,1,,nana825763 PiroPito First Playthrough of Minecraft #01 https://www.youtube.com/watch?v=7DHOVziRwBA,
2025-04-07,tv show,s110316,47,,,,今際の国のアリス,
2025-04-07,vn,v44,60,8327,,,ユメミルクスリ,
2025-04-07,tv show,s110316,60,,,,今際の国のアリス,
2025-04-07,vn,v22345,60,7367,,,お兄ちゃん、朝までずっとギュッてして！,
2025-04-07,anime,143200,,,1,,Summer Pockets,
2025-04-07,tv show,s110316,56,,,,今際の国のアリス,
2025-04-07,tv show,s110316,44,,,,今際の国のアリス,
2025-04-06,tv show,s110316,50,,,,今際の国のアリス,
2025-04-06,tv show,s110316,48,,,,今際の国のアリス,
2025-04-06,tv show,s110316,38,,,,今際の国のアリス,
2025-04-06,tv show,s110316,48,,,,今際の国のアリス,
2025-04-05,tv show,s110316,45,,,,今際の国のアリス,
2025-04-05,video,UCRzaLTMGrECyGkjjuT9OFwQ,30,,,,Maibaru Travel Two days in beautiful Kyoto. Time travel to old Japan at Arashiyama https://www.youtube.com/watch?v=J-Z2z5R6yTg,
2025-04-05,video,UC8Kzy9gIkbdR6cZsnqP1Lqw,9,,1,,【公式】秘密のケンミンSHOW極 【沖縄】アナタにはわかる！？激ムズ沖縄弁【秘密のケンミンSHOW極公式|2022年7月7日 放送】 https://www.youtube.com/watch?v=rJWjQZgm5ss,
2025-04-05,tv show,s110316,40,,,,今際の国のアリス,
2025-04-05,vn,v22345,58,8152,,,お兄ちゃん、朝までずっとギュッてして！,
2025-04-05,vn,v22345,25,4029,,,お兄ちゃん、朝までずっとギュッてして！,
2025-04-04,movie,m378064,129,,,,映画 聲の形,
2025-04-04,vn,v22345,60,9697,,,お兄ちゃん、朝までずっとギュッてして！,
2025-04-04,vn,v22345,61,6293,,,お兄ちゃん、朝までずっとギュッてして！,
2025-04-04,reading,,45,3812,,,告白 9 - 11%,
2025-04-04,vn,v22345,77,7414,,,お兄ちゃん、朝までずっとギュッてして！,
2025-04-04,vn,v44,63,7990,,,ユメミルクスリ,
2025-04-04,movie,m186627,85,,,,男子高校生の日常 (Live Action),
2025-04-03,tv show,s110316,45,,,,今際の国のアリス,
2025-04-03,vn,v22345,59,5586,,,お兄ちゃん、朝までずっとギュッてして！,
2025-04-03,reading,,77,6354,,,告白 3 - 8%,
2025-04-03,vn,v44,115,15170,,,ユメミルクスリ,
2025-04-02,tv show,s110316,45,,,,今際の国のアリス,
2025-04-02,anime,12467,,,1,,Nazo no Kanojo X,
2025-04-02,reading,,70,3812,,,告白 0 - 3%,
2025-04-01,vn,v44,23,2496,1,,ユメミルクスリ,
2025-03-31,vn,v16845,60,6674,,,imouto no seiiki,
2025-03-31,light-novel,43667,280,38071,,,oreimo 5 46% - 79%,
2025-03-28,vn,v44,62,7915,,,ユメミルクスリ,
2025-03-28,tv show,s204027,45,,,,ユニコーンに乗って,
2025-03-28,vn,v44,71,8628,,,ユメミルクスリ,
2025-03-25,vn,v44,133,11197,,,ユメミルクスリ,
2025-03-25,vn,v36,40,3288,,,AIR,
2025-03-25,anime,14967,,,1,,僕は友達が少ない NEXT,
2025-03-25,anime,12467,,,1,,Nazo no Kanojo X,
2025-03-25,tv show,s204027,45,,,,ユニコーンに乗って,
2025-03-24,vn,v44,23,1868,1,,ユメミルクスリ,
2025-03-23,tv show,s204027,45,,,,ユニコーンに乗って,
2025-03-23,vn,v44,43,3579,,,ユメミルクスリ,
2025-03-23,vn,v2002,290,74194,,,steins;gate,
2025-03-21,vn,v2002,161,34198,,,steins;gate,
2025-03-21,anime,877,,,1,,NANA-ナナ-,
2025-03-21,anime,877,,,1,,NANA-ナナ-,
2025-03-20,anime,147864,,,1,,onimai,
2025-03-20,anime,147864,,,1,,onimai,
2025-03-20,anime,147864,,,1,,onimai,
2025-03-17,vn,v2002,167,36757,,,steins;gate,
2025-03-17,anime,147864,,,2,,onimai,
2025-03-15,vn,v2002,98,21926,,,steins;gate,
2025-03-15,anime,151514,,,1,,チ。-地球の運動について-,
2025-03-14,anime,8675,,,1,,生徒会役員共,
2025-03-14,vn,v2002,74,16547,,,steins;gate,
2025-03-13,audio,,18,,1,,妹さえいればいい。1 15%,
2025-03-13,anime,165171,,,2,,メダリスト,
2025-03-13,vn,v2002,74,15741,,,steins;gate,
2025-03-12,vn,v22345,60,4860,,,お兄ちゃん、朝までずっとギュッてして！,
2025-03-12,vn,v2002,34,6436,,,steins;gate,
2025-03-11,audio,,20,,1,,妹さえいればいい。1 10%,
2025-03-11,vn,v2002,64,12296,,,steins;gate,
2025-03-11,vn,v2002,21,4401,,,steins;gate,
2025-03-11,video,,48,,,,Betty La Fea,
2025-03-10,audio,,13,,1,,妹さえいればいい。1 5%,
2025-03-10,anime,176496,,,1,,俺だけレベルアップな件 Season 2 -Arise from the Shadow-,
2025-03-10,anime,12467,,,1,,Nazo no Kanojo,
2025-03-09,anime,151514,,,1,,チ。-地球の運動について-,
2025-03-09,vn,v2002,127,35452,,,steins;gate,
2025-03-07,vn,v2002,93,19125,,,steins;gate,
2025-03-06,vn,v2002,76,15713,,,steins;gate,
2025-03-06,manga,85235,43,9756,,180,がっこうぐらし! v03,
2025-03-05,vn,v2002,83,14233,,,steins;gate,
2025-03-05,light-novel,43667,246,31353,,,oreimo 5 17 - 45%,
2025-03-04,vn,v2002,80,16521,,,steins;gate,
2025-03-03,vn,v2002,70,14557,,,steins;gate,
2025-03-03,video,,48,,,,Betty la fea,
2025-03-02,vn,v2002,73,15606,,,steins;gate,
2025-03-02,manga,85235,34,5582,,180,がっこうぐらし! v02,
2025-03-01,anime,151514,,,1,,チ。-地球の運動について-,
2025-03-01,anime,8675,,,1,,生徒会役員共,
2025-03-01,vn,v2002,82,16025,,,steins;gate,
2025-03-01,manga,85235,47,6978,,180,がっこうぐらし! v01,
2025-03-01,video,,48,,,,Betty la fea,
2025-02-28,anime,147864,,,1,,onimai,
2025-02-28,vn,v2002,121,23732,,,steins;gate,
2025-02-28,anime,147864,,,1,,onimai,
2025-02-27,anime,101014,,,2,,RELEASE THE SPYCE,
2025-02-27,vn,v2002,187,32805,,,steins;gate,
2025-02-27,anime,165171,,,1,,メダリスト,
2025-02-27,light-novel,43667,124,19035,,,oreimo 5 0 - 17%,
2025-02-27,vn,v2002,58,13052,,,steins;gate,
2025-02-26,vn,v2002,36,7195,,,steins;gate,
2025-02-26,anime,165171,,,1,,メダリスト,
2025-02-26,anime,165171,,,2,,メダリスト,
2025-02-26,vn,v2002,83,16154,,,steins;gate,
2025-02-25,anime,165171,,,1,,メダリスト,
2025-02-25,anime,165171,,,1,,メダリスト,
2025-02-25,vn,v2002,107,24632,,,steins;gate,
2025-02-24,vn,v2002,75,15268,,,steins;gate,
2025-02-23,vn,v2002,68,12728,,,steins;gate,
2025-02-23,anime,165171,,,1,,メダリスト,
2025-02-23,light-novel,43667,270,34334,,,oreimo 4 67 - 100%,
2025-02-22,anime,151514,,,1,,チ。-地球の運動について-,
2025-02-22,vn,v2002,57,11716,,,steins;gate,
2025-02-22,vn,v16845,7,813,1,,妹のセイイキ,
2025-02-19,anime,101921,,,1,,かぐや様は告らせたい～天才たちの恋愛頭脳戦～,
2025-02-19,vn,v16845,60,12091,,,妹のセイイキ,
2025-02-19,anime,151514,,,1,,チ。-地球の運動について-,
2025-02-18,vn,v7738,100,15854,,,totono,
2025-02-16,vn,v7738,190,47159,,,totono,
2025-02-16,movie,m1382336,124,,,,Godzilla Minus Color,
2025-02-15,anime,166699,,,1,,沖縄で好きになった子が方言すぎてツラすぎる (7),
2025-02-14,anime,108463,,,1,,地縛少年 花子くん,
2025-02-14,vn,v16845,95,19722,,,妹のセイイキ,
2025-02-13,anime,108463,,,1,,地縛少年 花子くん,
2025-02-13,vn,v16845,88,20184,,,妹のセイイキ,
2025-02-11,vn,v16150,15,919,1,,彼女のセイイキ,
2025-02-11,video,UCXvs_p2ZD28_Pa67cyN4FzQ,3,,1,,https://youtu.be/wymo0uboOL8?si=nT1tWX3O4ESMadOv,
2025-02-11,video,UCrMST-VTtx4SYr8CNJHsbnQ,1,,1,,https://youtube.com/shorts/BXY71Y91Teo?si=gAGCDDM9dELeryfM,
2025-02-11,vn,v7738,45,7223,,,totono,
2025-02-11,light-novel,43667,55,7753,,,oreimo 4 60 - 66%,
2025-02-10,light-novel,43667,160,22151,,,oreimo 4 40 - 59%,
2025-02-10,vn,v16845,10,1907,1,,妹のセイイキ,
2025-02-10,vn,v7738,60,10120,,,totono,
2025-02-09,vn,v16845,51,10569,,,妹のセイイキ,
2025-02-09,anime,166699,,,2,,沖縄で好きになった子が方言すぎてツラすぎる,
2025-02-09,light-novel,43667,47,6645,,,oreimo 4 34 - 39%,
2025-02-09,light-novel,43667,56,8716,,,oreimo 4 26-33%,
2025-02-08,anime,151514,,,1,,チ。-地球の運動について-,
2025-02-08,light-novel,43667,60,9005,,,oreimo 4 18 - 25%,
2025-02-07,light-novel,43667,75,8861,,,oreimo 4 10 - 17%,
2025-02-07,anime,108463,,,1,,地縛少年 花子くん,
2025-02-07,light-novel,43667,36,3322,,,oreimo 4 7 - 9%,
2025-02-06,anime,101014,,,1,,RELEASE THE SPYCE,
2025-02-06,light-novel,43667,52,6645,,,oreimo 4 0 - 6%,
2025-02-06,anime,7593,,,6,,kiss×sis (TV) (7-12 END),
2025-02-06,vn,v7738,30,5498,,,totono,
2025-02-05,anime,7593,,,3,,kiss×sis (TV),
2025-02-05,anime,7593,,,3,,kiss×sis (TV),
2025-02-05,tv show,s75815,25,,,,テラスハウス ボーイズ ガールズ ネクストドア,
2025-02-05,light-novel,118760,60,8683,,,la mommy 5,
2025-02-04,anime,108463,,,2,,地縛少年 花子くん,
2025-02-04,anime,151514,,,1,,チ。-地球の運動について-,
2025-02-04,anime,5042,,,4,,kiss×sis (9-12),
2025-02-04,anime,151514,,,1,,チ。-地球の運動について-,
2025-02-04,movie,m28422,237,,,,Love Exposure (2008),
2025-02-03,anime,151514,,,3,,チ。-地球の運動について-,
2025-02-03,light-novel,118760,21,2894,,,la mommy 5,
2025-02-03,anime,5042,,,5,,kiss×sis,
2025-02-03,video,UC1MxI2VxibHOHVmpzdvmZJQ,1,,1,,https://youtube.com/shorts/A28V_KFZ-ds?si=UCOBx-Cgug5mqnu5,
2025-02-03,vn,v7738,4,628,1,,totono,
2025-02-03,anime,20467,,,1,,Fate/kaleid linerプリズマ☆イリヤ ツヴァイ！,
2025-02-02,light-novel,118760,47,5788,,,la mommy 5,
2025-02-02,anime,151514,,,5,,チ。-地球の運動について-,
2025-02-02,anime,151514,,,1,,チ。-地球の運動について-,
2025-02-01,tv show,s75815,24,,,,テラスハウス ボーイズ ガールズ ネクストドア,
2025-02-01,anime,151514,,,4,,チ。-地球の運動について-,
2025-02-01,anime,20467,,,1,,Fate/kaleid linerプリズマ☆イリヤ ツヴァイ！,
2025-02-01,anime,12467,,,1,,nazo no kanojo,
2025-02-01,light-novel,118760,45,5789,,,la mommy 5,
2025-02-01,anime,5042,,,1,,kiss×sis,
2025-02-01,anime,166699,,,1,,沖縄で好きになった子が方言すぎてツラすぎる,
2025-02-01,anime,151514,,,1,,チ。-地球の運動について-,
2025-02-01,anime,20467,,,1,,Fate/kaleid linerプリズマ☆イリヤ ツヴァイ！,
2025-01-31,anime,20467,,,1,,Fate/kaleid linerプリズマ☆イリヤ ツヴァイ！,
2025-01-31,anime,151514,,,3,,チ。-地球の運動について-,
2025-01-31,vn,v16150,72,5703,,,彼女のセイイキ,
2025-01-30,video,UCKW5cdR5gsUPRkm_bXQUvCg,1,,1,,https://youtube.com/shorts/gfvNKdlMQ3E?si=eCk7_dB6j9yOvV6O,
2025-01-30,vn,v16150,160,12674,,,Kanojo no seiiki,
2025-01-30,manga,30436,78,4322,,55,うずまき,
2025-01-30,anime,20467,,,2,,Fate/kaleid linerプリズマ☆イリヤ ツヴァイ！,
2025-01-30,anime,166699,,,1,,沖縄で好きになった子が方言すぎてツラすぎる (2),
2025-01-29,vn,v7738,57,9121,,,totono,
2025-01-28,anime,166699,,,1,,沖縄で好きになった子が方言すぎてツラすぎる (1),
2025-01-28,anime,20467,,,1,,Fate/kaleid linerプリズマ☆イリヤ ツヴァイ！,
2025-01-27,light-novel,118760,32,4341,,,la mommy 5,
2025-01-27,manga,30436,157,10861,,129,うずまき,
2025-01-27,anime,147864,,,1,,onimai,
2025-01-26,anime,18851,,,1,,Fate/kaleid liner プリズマ☆イリヤ 運動会 DE ダンス！,
2025-01-26,anime,14829,,,3,,Fate/kaleid liner プリズマ☆イリヤ,
2025-01-26,anime,14829,,,2,,Fate/kaleid liner プリズマ☆イリヤ,
2025-01-25,anime,14829,,,1,,Fate/kaleid liner プリズマ☆イリヤ,
2025-01-25,anime,147864,,,1,,onimai,
2025-01-25,anime,147864,,,1,,onimai,
2025-01-25,anime,147864,,,1,,onimai,
2025-01-25,light-novel,118760,90,16116,,,la mommy 5,
2025-01-24,vn,v16150,100,11370,,,Kanojo no Seiiki,
2025-01-24,video,UCzXjPL7zo0bxhOYDxLJ9YEg,27,,,,ポッキー これより激ウマな白米を炊く方法ってあるの？ https://www.youtube.com/watch?v=5x9aBKu9qTY,
2025-01-24,anime,14829,,,1,,Fate/kaleid liner プリズマ☆イリヤ,
2025-01-24,tv show,s75815,23,,,,テラスハウス ボーイズ ガールズ ネクストドア,
2025-01-23,manga,80133,90,18010,,188,umaru v01,
2025-01-23,anime,14829,,,1,,Fate/kaleid liner プリズマ☆イリヤ,
2025-01-22,video,UCzXjPL7zo0bxhOYDxLJ9YEg,22,,1,,ポッキー 怪しい地下の研究所にいるバケモノのお世話をするゲーム【BENEATH THE BLOBS】 https://www.youtube.com/watch?v=2YZwac9IOes,
2025-01-22,tv show,s75815,50,,,,テラスハウス ボーイズ ガールズ ネクストドア,
2025-01-21,anime,14829,,,1,,Fate/kaleid liner プリズマ☆イリヤ,
2025-01-21,anime,14829,,,1,,Fate/kaleid liner プリズマ☆イリヤ,
2025-01-21,vn,v2002,55,11481,,,steins;gate,
2025-01-20,video,UCzXjPL7zo0bxhOYDxLJ9YEg,22,,1,,ポッキー 深夜のテレビを見て“異常な放送”があったらチャンネルを変える不気味なホラーゲーム【PSA】 https://www.youtube.com/watch?v=zOb3zhq_qz4,
2025-01-20,anime,1530,,,10,,カノン (2006),
2025-01-20,video,UCzXjPL7zo0bxhOYDxLJ9YEg,28,,,,ポッキー 地獄の「イカゲーム 2」に参戦できるゲームが面白すぎる【Fortnite】 https://www.youtube.com/watch?v=XucOuUtVEhU,
2025-01-20,video,UCzXjPL7zo0bxhOYDxLJ9YEg,7,,1,,ポッキー 最恐のピエロにお気をつけください - IT / イット VR https://www.youtube.com/watch?v=bi7NcbX4Gvg,
2025-01-20,light-novel,51646,32,4251,,,撲殺天使ドクロちゃん (1),
2025-01-19,light-novel,51646,78,9209,,,撲殺天使ドクロちゃん (1),
2025-01-15,video,UCzXjPL7zo0bxhOYDxLJ9YEg,212,,,,https://www.youtube.com/watch?v=6E-UFQIOjGM,
2025-01-13,anime,1530,,,1,,カノン (2006),
2025-01-13,vn,v2002,174,36724,,,steins;gate,
2025-01-12,anime,1530,,,1,,カノン (2006),
2025-01-12,anime,1530,,,1,,カノン (2006),
2025-01-12,anime,1530,,,1,,カノン (2006),
2025-01-10,vn,v2002,84,15992,,,steins;gate,
2025-01-10,anime,1530,,,1,,カノン (2006),
2025-01-10,anime,21327,,,2,,干物妹！うまるちゃん OVA,
2025-01-09,tv show,s204027,47,,,,ユニコーンに乗って,
2025-01-09,vn,v2002,159,31657,,,steins;gate,
2025-01-08,anime,1530,,,1,,カノン (2006),
2025-01-08,light-novel,51646,20,2832,,,撲殺天使ドクロちゃん (1),
2025-01-08,anime,1530,,,1,,カノン (2006),
2025-01-08,vn,v2002,33,5533,,,steins;gate,
2025-01-08,anime,98572,,,3,,干物妹! うまるちゃん R,
2025-01-07,anime,98572,,,3,,干物妹! うまるちゃん R,
2025-01-07,vn,v2002,138,22811,,,steins;gate,
2025-01-07,anime,98572,,,4,,干物妹! うまるちゃん R,
2025-01-06,anime,98572,,,2,,干物妹! うまるちゃん R,
2025-01-06,vn,v2002,112,19747,,,steins;gate,
2025-01-06,vn,v7738,100,19098,,,totono,
2025-01-05,anime,20987,,,2,,干物妹！うまるちゃん,
2025-01-05,anime,20987,,,3,,干物妹！うまるちゃん,
2025-01-05,vn,v2002,108,17129,,,steins;gate,
2025-01-04,movie,m58405,75,,,,女優霊,
2025-01-04,vn,v2002,17,2545,1,,steins;gate,
2025-01-03,anime,20987,,,1,,干物妹！うまるちゃん,
2025-01-03,vn,v2002,116,20079,,,steins;gate,
2025-01-02,anime,20987,,,3,,干物妹！うまるちゃん,
2025-01-02,anime,20987,,,1,,干物妹！うまるちゃん,
2025-01-02,light-novel,51646,44,4960,,,撲殺天使ドクロちゃん (1),
2025-01-02,vn,v2002,135,20914,,,steins;gate,
2025-01-02,anime,20987,,,1,,干物妹！うまるちゃん,
2025-01-01,anime,20987,,,1,,干物妹！うまるちゃん,
2025-01-01,tv show,s111386,151,,,,逃走中,
2024-12-31,anime,12467,,,2,,nazo no kanojo,
2024-12-31,anime,171018,,,2,,dandadan,
2024-12-30,anime,142769,83,,1,,夏へのトンネル、さよならの出口,
2024-12-30,light-novel,51646,38,4250,,,撲殺天使ドクロちゃん (1),
2024-12-30,vn,v7738,60,11236,,,totono,
2024-12-30,movie,m382602,98,,,,Sadako vs. Kayako,
2024-12-29,anime,171018,,,1,,dandadan,
2024-12-28,vn,v7738,110,23562,,,totono,
2024-12-28,anime,171018,,,1,,dandadan,
2024-12-27,anime,171018,,,1,,dandadan,
2024-12-27,vn,v7738,127,20060,,,totono,
2024-12-26,vn,v7738,180,30434,,,totono,
2024-12-25,anime,14967,,,1,,僕は友達が少ない NEXT,
2024-12-25,anime,171018,,,1,,dandadan,
2024-12-25,vn,v20424,190,43347,,,summer pockets,
2024-12-24,anime,171018,,,1,,dandadan,
2024-12-24,vn,v20424,141,32278,,,summer pockets,
2024-12-23,vn,v20424,69,11684,,,summer pockets,
2024-12-22,vn,v22505,40,8739,,,chaos;head,
2024-12-22,manga,103082,36,7284,,181,pumpkin night,
2024-12-22,anime,171018,,,1,,ダンダダン,
2024-12-22,vn,v22505,52,7528,,,chaos;head,
2024-12-21,vn,v22505,23,1973,1,,chaos;head,
2024-12-20,vn,v22505,72,11542,,,chaos;head,
2024-12-19,tv show,s204027,46,,,,ユニコーンに乗って,
2024-12-17,tv show,s204027,46,,,,ユニコーンに乗って,
2024-12-16,vn,v22505,78,13213,,,chaos;head,
2024-12-16,light-novel,51646,55,5667,,,撲殺天使ドクロちゃん (1),
2024-12-16,tv show,s204027,46,,,,ユニコーンに乗って,
2024-12-16,vn,v22505,48,5645,,,chaos;head,
2024-12-16,manga,103082,37,7111,,202,pumpkin night,
2024-12-15,anime,141902,115,,1,,one piece film red,
2024-12-15,anime,21,,,2,,one piece,
2024-12-15,manga,103082,33,6810,,158,pumpkin night,
2024-12-15,light-novel,51646,41,4959,,,撲殺天使ドクロちゃん (1),
2024-12-15,manga,103082,42,8869,,166,pumpkin night 2,
2024-12-15,manga,103082,30,6926,,167,pumpkin night,
2024-12-13,light-novel,51646,44,4250,,,撲殺天使ドクロちゃん (1),
2024-12-13,tv show,s204027,60,,,,ユニコーンに乗って,
2024-12-13,light-novel,51646,85,12043,,,撲殺天使ドクロちゃん (1),
2024-12-10,light-novel,51646,60,6375,,,撲殺天使ドクロちゃん (1),
2024-12-10,manga,30013,56,5958,,67,ONE PIECE v001,
2024-12-09,anime,152681,,,1,,義妹生活,
2024-12-09,anime,171018,,,1,,ダンダダン,
2024-12-09,light-novel,51646,86,8500,,,撲殺天使ドクロちゃん (1),
2024-12-07,anime,2131,50,,2,,撲殺天使ドクロちゃん2,
2024-12-07,anime,357,75,,3,,撲殺天使ドクロちゃん,
2024-12-06,anime,357,26,,1,,撲殺天使ドクロちゃん,
2024-12-06,anime,171018,,,1,,ダンダダン,
2024-12-04,vn,v20424,5,514,1,,summer pockets,
2024-12-04,anime,6702,,,1,,fairy tail,
2024-12-03,anime,100523,,,2,,eromanga sensei OVA,
2024-12-03,video,UCzw2KK537iRgsrYnWaEMs8Q,11,,1,,https://www.youtube.com/watch?v=iivprdEFSvs,
2024-12-03,anime,153152,,,1,,僕の心のヤバイやつ,
2024-12-02,anime,21685,,,1,,eromanga sensei,
2024-12-02,video,,40,,,,Oshi no Ko Live Action 01,
2024-12-02,anime,163135,,,1,,魔王2099,
2024-11-30,anime,6702,,,2,,fairy tail,
2024-11-27,anime,527,,,2,,pokemon,
2024-11-25,tv show,s235913,22,,,,takagi,
2024-11-21,anime,21234,,,1,,僕だけがいない街,
2024-11-20,anime,16417,,,1,,たまこまーけっと,
2024-11-20,light-novel,118760,248,25126,,,la mommy 5,
2024-11-20,anime,16417,,,3,,たまこまーけっと,
2024-11-19,anime,21685,,,2,,eromanga sensei,
2024-11-19,anime,103139,,,2,,ドメスティックな彼女,
2024-11-19,anime,103139,,,5,,ドメスティックな彼女,
2024-11-18,anime,21685,,,3,,eromanga sensei,
2024-11-18,anime,103139,,,1,,ドメスティックな彼女,
2024-11-18,anime,131520,136,,1,,映画 五等分の花嫁,
2024-11-17,anime,103139,,,1,,ドメスティックな彼女,
2024-11-17,vn,v20424,40,6636,,,summer pockets,
2024-11-17,anime,103139,,,3,,ドメスティックな彼女,
2024-11-16,anime,527,,,2,,pokemon,
2024-11-16,anime,21685,,,4,,eromanga sensei,
2024-11-16,anime,103572,,,2,,五等分の花嫁,
2024-11-16,anime,99468,,,4,,からかい上手の高木さん,
2024-11-12,anime,99468,,,4,,からかい上手の高木さん,
2024-11-11,anime,38101,,,4,,五等分の花嫁,
2024-11-10,movie,m378180,118,,,,12人の優しい日本人,
2024-11-09,anime,103572,,,5,,五等分の花嫁,
2024-11-09,anime,103572,,,3,,五等分の花嫁,
2024-11-09,anime,527,,,4,,pokemon,
2024-11-09,vn,v22505,30,2819,,,chaos;head,
2024-11-07,anime,103572,,,2,,五等分の花嫁,
2024-11-06,anime,210,,,2,,らんま1/2,
2024-11-06,anime,103572,,,5,,五等分の花嫁,
2024-11-06,anime,103572,,,5,,五等分の花嫁undefined,
2024-11-06,vn,v22505,70,8469,,,CHAOS;HEAD NOAH,
2024-11-05,anime,210,,,5,,ranma,
2024-11-04,vn,v20424,48,6425,,,summer pockets,
2024-11-04,anime,10495,,,12,,yuru yuri,
2024-11-03,anime,21214,,,2,,yuru yuri nachuyachumi! +,
2024-11-03,anime,20625,60,,1,,yuru yuri nachuyachumi!,
2024-11-02,anime,21,,,4,,one piece,
2024-11-02,movie,m337045,55,,,,怪談レストラン live action,
2024-11-02,anime,10495,,,1,,yuru yuri,
2024-11-02,audio,,20,,1,,oreimo cd drama,
2024-11-02,audio,,30,,,,https://www.youtube.com/watch?v=h9rIpokEbVo,
2024-11-02,anime,10495,,,2,,yuru yuri,
2024-11-02,anime,21,,,8,,one piece,
2024-10-31,anime,10495,,,3,,yuru yuri,
2024-10-30,anime,5680,,,3,,keion,
2024-10-30,anime,10495,,,6,,yuru yuri,
2024-10-26,anime,6980,,,5,,怪談レストラン,
2024-10-23,light-novel,118760,181,20789,,,la mommy 4,
2024-10-23,anime,6980,,,12,,怪談レストラン,
2024-10-21,vn,v20424,190,20681,,,summer pockets,
2024-10-21,anime,6980,,,5,,怪談レストラン,
2024-10-20,anime,21,,,1,,ONE PIECE FAN LETTER,
2024-10-20,tv show,s217325,45,,,,夕暮れに、手をつなぐ,
2024-10-20,audio,,120,,,,https://www.youtube.com/watch?v=h9rIpokEbVo,
2024-10-18,light-novel,118760,192,20251,,,la mommy 4,
2024-10-18,anime,21108,91,,13,,わかば＊ガール,
2024-10-17,movie,m282069,109,,,,Parasyte: Part 1,
2024-10-17,tv show,s217325,45,,,,夕暮れに、手をつなぐ,
2024-10-16,anime,11061,,,1,,hunter x hunter,
2024-10-16,anime,21,,,4,,one piece,
2024-10-16,vn,v16626,34,2637,,,soushisouai lolita,
2024-10-16,anime,10495,,,1,,yuru yuri,
2024-10-15,anime,11061,,,1,,hunter x hunter,
2024-10-15,anime,21,,,4,,one piece,
2024-10-15,tv show,s217325,45,,,,夕暮れに、手をつなぐ,
2024-10-15,anime,10495,,,1,,yuru yuri,
2024-10-15,anime,11061,,,1,,hunter x hunter,
2024-10-15,anime,21,,,3,,one piece,
2024-10-15,manga,87170,101,9564,,213,ファイアパンチ v4,
2024-10-13,anime,11061,,,1,,hunter x hunter,
2024-10-13,anime,21,,,4,,one piece,
2024-10-13,video,UCBNaNogQVt1xPBaMuM4oLjA,5,,1,,https://www.youtube.com/watch?v=h9rIpokEbVo,
2024-10-13,reading,,5,348,,,謎のシール,
2024-10-12,anime,170083,,,1,,dragon ball daima,
2024-10-12,anime,11061,,,1,,hunter x hunter,
2024-10-12,anime,21,,,4,,one piece,
2024-10-11,anime,11061,,,1,,hunter x hunter,
2024-10-10,vn,v20424,32,3789,,,summer pockets,
2024-10-10,anime,10495,,,1,,yuru yuri,
2024-10-10,anime,21,,,4,,one piece,
2024-10-09,tv show,s217325,45,,,,夕暮れに、手をつなぐ,
2024-10-09,tv show,s217325,45,,,,夕暮れに、手をつなぐ,
2024-10-09,anime,11061,,,1,,hunter x hunter,
2024-10-09,anime,21,,,5,,one piece,
2024-10-09,anime,11061,,,2,,hunter x hunter,
2024-10-09,anime,21,,,7,,one piece,
2024-10-06,movie,m199766,3,,1,,4444444444,
2024-10-05,anime,137822,,,1,,blue lock,
2024-10-03,audio,,40,,,,kagami no kojou,
2024-10-03,anime,12467,,,1,,nazo no kanojo,
2024-10-02,anime,10495,,,1,,yuru yuri,
2024-10-01,audio,,26,,,,kagami no kojou,
2024-09-30,light-novel,118760,268,24308,,,la mommy 4,
2024-09-29,anime,111314,,,1,,uzumaki,
2024-09-29,audio,,46,,,,kagami no kojou,
2024-09-29,anime,10495,,,2,,yuru yuri,
2024-09-26,light-novel,118760,64,5134,,,la mommy 4,
2024-09-25,manga,87170,66,7768,,213,ファイアパンチ v3,
2024-09-24,anime,108465,,,1,,mushoku tensei,
2024-09-24,anime,108465,,,1,,mushoku tensei,
2024-09-22,vn,v16626,60,10295,,,soushisouai lolita,
2024-09-22,vn,v20424,107,10225,,,summer pockets,
2024-09-22,anime,108465,,,2,,mushoku tensei,
2024-09-21,vn,v16626,68,8259,,,soushisouai lolita,
2024-09-21,anime,108465,,,1,,mushoku tensei,
2024-09-21,anime,108465,,,2,,mushoku tensei,
2024-09-21,anime,16732,,,3,,kiniro mosaic,
2024-09-20,anime,175977,,,1,,shika noko noko koshi tan tan,
2024-09-20,vn,v20424,92,11223,,,summer pockets,
2024-09-20,vn,v16626,61,4019,,,soushisouai lolita,
2024-09-20,vn,v20424,15,1269,1,,summer pockets,
2024-09-19,vn,v16626,106,10049,,,Soushisouai Lolita,
2024-09-18,light-novel,103897,37,5921,,,"hoshizora no shita, kimi no koe dake wo dakishimeru",
2024-09-18,light-novel,103897,45,5921,,,"hoshizora no shita, kimi no koe dake wo dakishimeru",
2024-09-18,vn,v20424,110,9430,,,summer pockets,
2024-09-16,reading,,9,770,,,死のネックレス,
2024-09-16,reading,,5,673,,,星を見る少女,
2024-09-16,vn,v20424,110,8702,,,summer pockets,
2024-09-15,light-novel,103897,60,7697,,,"hoshizora no shita, kimi no koe dake wo dakishimeru",
2024-09-15,manga,193536,,,,20,[きのもと杏] おじさん手伝って!!,
2024-09-15,vn,v20424,86,8187,,,summer pockets,
2024-09-14,light-novel,103897,56,5921,,,"hoshizora no shita, kimi no koe dake wo dakishimeru",
2024-09-14,vn,v20424,87,6575,,,summer pockets,
2024-09-12,light-novel,103897,60,5921,,,"hoshizora no shita, kimi no koe dake wo dakishimeru",
2024-09-12,vn,v20424,164,25128,,,summer pockets,
2024-09-11,light-novel,103897,34,4145,,,"hoshizora no shita, kimi no koe dake wo dakishimeru",
2024-09-11,anime,10495,,,1,,yuru yuri,
2024-09-11,vn,v20424,145,17566,,,summer pockets,
2024-09-10,light-novel,103897,45,4737,,,"hoshizora no shita, kimi  no koe dake wo dakishimeru",
2024-09-10,vn,v20424,110,12522,,,summer pockets,
2024-09-10,anime,11977,120,,1,,madoka magika movie 1,
2024-09-10,anime,129277,,,1,,shinigami bocchan to kuro meido,
2024-09-09,anime,16732,,,1,,kiniro mosaic,
2024-09-09,anime,102090,30,,1,,yuru yuri ten,
2024-09-09,anime,10495,,,1,,yuru yuri,
2024-09-09,vn,v20424,109,15938,,,summer pockets,
2024-09-09,movie,m11075,120,,,,Audition,
2024-09-09,anime,12467,,,1,,Nazo no Kanojo,
2024-09-08,anime,129277,,,1,,shinigami bocchan to kuro meido,
2024-09-08,anime,16732,,,2,,kiniro mosaic,
2024-09-08,anime,10495,,,2,,yuru yuri,
2024-09-08,tv show,s63409,60,,,,gokusen,
2024-09-07,anime,5680,,,1,,keion,
2024-09-06,vn,v93,87,8424,,,Muv-Luv Unlimited 01 | Meiya,
2024-09-06,anime,175977,,,1,,shika noko,
2024-09-05,anime,147864,,,2,,onimai,
2024-09-05,anime,147864,,,4,,onimai,
2024-09-04,anime,147864,,,1,,onimai,
2024-09-03,anime,12467,,,1,,nazo no kanojo,
2024-09-03,manga,87170,127,14671,,213,ファイアパンチ v2,
2024-09-02,anime,147864,,,1,,onimai,
2024-09-02,anime,12467,,,2,,nazo no kanojo,
2024-09-02,anime,147864,,,1,,onimai,
2024-09-02,anime,11061,,,1,,hunter x hunter,
2024-09-02,anime,21,,,4,,one piece,
2024-09-02,manga,87170,94,12100,,215,ファイアパンチ v1,
2024-09-01,anime,147864,,,1,,onimai,
2024-09-01,anime,147864,,,1,,onimai,
2024-09-01,anime,129277,,,3,,死神防ちゃんと黒メイド,
2024-08-31,anime,129277,,,5,,死神防ちゃんと黒メイド,
2024-08-30,anime,21639,,,1,,keijo,
2024-08-30,anime,129277,,,5,,死神防ちゃんと黒メイド,
2024-08-29,manga,100080,82,9914,,135,お兄ちゃんはおしまい！ v5,
2024-08-29,light-novel,103897,24,2768,,,星空の下、君の声だけを抱きしめる,
2024-08-29,anime,21,,,4,,one piece,
2024-08-29,anime,150672,,,1,,oshi no ko,
2024-08-29,anime,175977,,,1,,shika noko,
2024-08-29,anime,154459,,,4,,"Keikenzumi na Kimi to, Keiken Zero na Ore ga, Otsukiai suru Hanashi",
2024-08-28,light-novel,103897,104,8543,,,星空の下、君の声だけを抱きしめる,
2024-08-28,anime,21,,,5,,one piece,
2024-08-27,anime,21685,,,2,,eromanga sensei,
2024-08-26,vn,v20424,35,1695,,,summer pockets,
2024-08-26,anime,11061,,,1,,hunter x hunter,
2024-08-26,anime,21,,,4,,one piece,
2024-08-26,anime,154459,,,5,,"Keikenzumi na Kimi to, Keiken Zero na Ore ga, Otsukiai suru Hanashi",
2024-08-24,anime,144188,,,1,,Alice gear aegis expansion,
2024-08-24,anime,21685,,,1,,Eromanga Sensei,
2024-08-24,anime,154459,,,2,,"Keikenzumi na Kimi to, Keiken Zero na Ore ga, Otsukiai suru Hanashi",
2024-08-23,vn,v22345,60,3167,,,"Onii-chan, Asa made Zutto Gyutte Shite!",
2024-08-23,vn,v20424,58,7734,,,summer pockets,
2024-08-23,vn,v22345,61,3894,,,"Onii-chan, Asa made Zutto Gyutte Shite!",
2024-08-23,anime,21685,,,2,,eromanga sensei,
2024-08-23,anime,154459,,,1,,"Keikenzumi na Kimi to, Keiken Zero na Ore ga, Otsukiai suru Hanashi",
2024-08-23,anime,150672,,,2,,oshi no ko,
2024-08-23,anime,21639,,,1,,keijo,
2024-08-22,anime,21685,,,1,,eromanga sensei,
2024-08-22,anime,12467,,,1,,nazo no kanojo,
2024-08-22,anime,21639,,,2,,keijo,
2024-08-21,light-novel,103897,65,5921,,,星空の下、君の声だけを抱きしめる,
2024-08-21,anime,5680,,,1,,keion,
2024-08-21,anime,175977,,,1,,shika noko,
2024-08-21,anime,21639,,,2,,keijo,
2024-08-21,vn,v22505,36,5493,,,chaos;head,
2024-08-21,anime,21639,,,1,,keijo,
2024-08-21,anime,12467,,,1,,nazo no kanojo,
2024-08-21,anime,21685,,,2,,eromanga sensei,
2024-08-21,anime,11061,,,1,,hunter x hunter,
2024-08-21,anime,21,,,4,,one piece,
2024-08-20,vn,v22345,91,5257,,,"Onii-chan, Asa made Zutto Gyutte Shite!",
2024-08-20,vn,v25492,79,4498,,,"Onii-chan, Asa made Zutto Gyutte Shite! Yoru Made Motto Ecchi Shite!",
2024-08-18,anime,11843,,,2,,Danshi Koukousei no Nichijou,
2024-08-18,anime,11843,,,1,,dansho koukousei no nichijou,
2024-08-17,tv show,s217325,45,,,,夕暮れに、手をつなぐ,
2024-08-17,anime,5680,,,1,,keion,
2024-08-17,vn,v22505,208,34005,,,chaos;head,
2024-08-16,anime,21,,,4,,one piece,
2024-08-16,vn,v22505,236,33539,,,chaos;head,
2024-08-16,anime,21,,,5,,one piece,
2024-08-15,anime,21,,,10,,one piece,
2024-08-15,light-novel,43667,85,10448,,,oreimo 3 93 - 100%,
2024-08-14,vn,v27448,88,15286,,,atri,
2024-08-14,anime,175977,,,1,,shika noko noko koshi tan tan,
2024-08-14,vn,v27448,173,20210,,,atri,
2024-08-13,light-novel,43667,36,3918,,,oreimo 3 90 - 92%,
2024-08-12,light-novel,43667,142,13061,,,oreimo 3 80 - 89%,
2024-08-12,vn,v27448,304,35560,,,atri,
2024-08-11,light-novel,43667,94,7836,,,oreimo 3 74 - 79%,
2024-08-10,manga,80145,20,2976,,46,citrus,
2024-08-10,vn,v27448,55,5603,,,atri,
2024-08-09,manga,100080,97,10513,,129,お兄ちゃんはおしまい！ v4,
2024-08-09,manga,100080,103,10919,,136,お兄ちゃんはおしまい！ v3,
2024-08-09,light-novel,43667,36,2612,,,oreimo 3 72 - 73,
2024-08-08,anime,21,,,5,,one piece,
2024-08-08,vn,v27448,130,14525,,,atri,
2024-08-08,anime,175977,,,1,,shika noko noko koshi tantan,
2024-08-07,light-novel,43667,62,5224,,,oreimo 3 68 - 71%,
2024-08-07,vn,v27448,67,5764,,,atri,
2024-08-07,anime,21,,,5,,one piece,
2024-08-06,anime,21,,,2,,one piece,
2024-08-04,audio,,8,,1,,yuyu podcast,
2024-08-04,audio,,60,,,,yuru yuri 1 1 - 4,
2024-08-02,light-novel,43667,52,3918,,,oreimo 3 65 - 67%,
2024-08-02,anime,11061,,,2,,hunter x hunter,
2024-08-02,vn,v27448,85,9224,,,atri,
2024-08-01,anime,21,,,5,,one piece,
2024-08-01,vn,v27448,110,10506,,,atri,
2024-08-01,anime,21,,,5,,one piece,
2024-07-31,anime,175977,,,1,,shika noko noko koshi tan tan,
2024-07-31,vn,v27448,70,6825,,,atri,
2024-07-31,anime,11061,,,2,,hunter x hunter,
2024-07-31,anime,21,,,8,,one piece,
2024-07-30,vn,v27448,97,8857,,,atri,
2024-07-30,anime,11061,,,1,,hunter x hunter,
2024-07-30,vn,v27448,68,7376,,,atri,
2024-07-29,anime,21,,,4,,one piece,
2024-07-27,video,UCd8vNU9GdaDJF-jLDyWWvMw,11,,1,,https://youtu.be/wdeYYmo10uo?si=CWJOziwFYLJVzI81,
2024-07-27,anime,21,,,10,,one piece,
2024-07-26,vn,v27448,96,10042,,,atri,
2024-07-26,anime,21,,,4,,one piece,
2024-07-26,vn,v27448,163,16797,,,atri,
2024-07-25,vn,v27448,55,5978,,,atri,
2024-07-25,anime,21,,,1,,one piece,
2024-07-24,anime,102090,30,,1,,yuru yuri ten,
2024-07-24,anime,150672,,,2,,oshi no ko,
2024-07-24,anime,175977,,,1,,shika noko noko noko koshi tan tan,
2024-07-24,vn,v27448,104,10044,,,atri,
2024-07-23,anime,21,,,4,,one piece,
2024-07-23,vn,v27448,150,13883,,,atri,
2024-07-22,anime,21,,,5,,one piece,
2024-07-22,vn,v27448,220,21274,,,atri,
2024-07-20,vn,v27448,300,23382,,,atri,
2024-07-19,anime,21,,,5,,one piece,
2024-07-19,light-novel,43667,30,2612,,,oreimo 3 63 - 64%,
2024-07-18,anime,21,,,4,,one piece,
2024-07-18,vn,v20424,227,35666,,,summer pockets,
2024-07-18,vn,v20424,370,51069,,,summer pockets,
2024-07-17,anime,21,,,4,,one piece,
2024-07-17,vn,v20424,198,29918,,,summer pockets,
2024-07-16,anime,11061,,,1,,hunter x hunter,
2024-07-16,anime,21,,,4,,one piece,
2024-07-16,vn,v20424,240,31027,,,summer pockets,
2024-07-15,anime,6702,,,2,,fairy tail,
2024-07-15,vn,v20424,255,32335,,,summer pockets,
2024-07-14,vn,v20424,148,14707,,,summer pockets,
2024-07-13,vn,v20424,300,36243,,,summer pockets,
2024-07-12,anime,10495,,,1,,yuru yuri,
2024-07-12,vn,v22505,30,3367,,,chaos;head,
2024-07-12,vn,v20424,140,17459,,,summer pockets,
2024-07-11,vn,v20424,351,41547,,,summer pockets,
2024-07-10,anime,175977,,,1,,shika noko noko koshi tan tan,
2024-07-10,vn,v20424,185,23195,,,summer pockets,
2024-07-10,light-novel,43667,52,3918,,,oreimo 3 60 - 62%,
2024-07-09,manga,30026,177,16613,,185,HUNTER×HUNTER v02,
2024-07-09,light-novel,43667,130,9142,,,oreimo,
2024-07-08,vn,v20424,147,15423,,,summer pockets,
2024-07-07,light-novel,43667,60,3918,,,oreimo 3 50  - 52%,
2024-07-06,movie,m19044,114,,,,恋の門,
2024-07-05,light-novel,43667,34,2612,,,oreimo 3 48 - 49%,
2024-07-05,vn,v20424,40,2910,,,summer pockets,
2024-07-04,anime,6702,,,3,,fairy tail,
2024-07-04,anime,175977,,,1,,shika noko noko koshi tan tan,
2024-07-04,anime,150672,,,1,,oshi no ko,
2024-07-03,vn,v20424,73,5265,,,summer pockets,
2024-07-02,manga,30026,172,16550,,183,HUNTER×HUNTER v01,
2024-07-01,vn,v22505,58,5805,,,chaos;head,
2024-07-01,anime,6702,,,3,,fairy tail,
2024-06-30,vn,v20424,156,13952,,,summer pockets,
2024-06-29,anime,6702,,,3,,fairy tail,
2024-06-28,anime,5680,,,2,,keion,
2024-06-28,light-novel,43667,53,2612,,,oreimo 3 46 - 47%,
2024-06-26,light-novel,43667,108,6530,,,oreimo 3 41 - 45%,
2024-06-26,light-novel,43667,94,5224,,,oreimo 3 37 - 40%,
2024-06-25,anime,6702,,,3,,fairy tail,
2024-06-24,light-novel,43667,612,47020,,,oreimo 3,
2024-06-13,anime,5680,,,1,,keion,
2024-06-13,video,UCd8vNU9GdaDJF-jLDyWWvMw,15,,1,,https://youtube.com/watch?v=AWmOvE8Nt20,
2024-06-11,vn,v22505,75,7205,,,chaos;head,
2024-06-10,anime,5680,,,2,,keion,
2024-06-10,light-novel,43667,397,31992,,,oreimo,
2024-06-09,movie,m16133,120,,,,Survive Style 5+,
2024-06-09,movie,m129,120,,,,Sen to Chihiro no Kamikakushi,
2024-06-08,anime,5680,,,1,,keion,
2024-06-06,anime,5680,,,2,,けいおん,
2024-06-05,anime,5680,,,2,,keion,
2024-06-04,anime,10719,,,1,,hangai,
2024-06-03,anime,10495,,,1,,yuru yuri,
2024-06-03,anime,5680,,,2,,keion,
2024-06-03,anime,10719,,,2,,Haganai,
2024-06-02,light-novel,43667,105,6638,,,oreimo,
2024-06-02,light-novel,43667,70,4578,,,oreimo,
2024-06-02,movie,m3176,122,,,,Battle Royale,
2024-05-31,anime,5680,,,2,,Keion,
2024-05-31,anime,11843,,,1,,Danshi Koukousei no Nichijou,
2024-05-31,anime,5680,,,2,,keion,
2024-05-30,vn,v22505,13,1123,1,,chaos;head,
2024-05-29,anime,5680,,,2,,keion,
2024-05-29,vn,v22505,100,10059,,,chaos;head,
2024-05-29,anime,5680,,,3,,keion,
2024-05-28,vn,v22505,70,5910,,,chaos;head,
2024-05-28,anime,10719,,,1,,haganai 09,
2024-05-27,anime,5680,,,2,,keion,
2024-05-27,video,UCvaTdHTWBGv3MKj3KVqJVCw,18,,1,,https://www.youtube.com/live/yA3SiQAAQ3E?si=_x01PkUXskUKYdLe,
2024-05-26,anime,5680,,,2,,keion,
2024-05-26,anime,147,,,6,,kiminozo,
2024-05-25,light-novel,43667,250,16757,,,oreimo,
2024-05-20,anime,1887,,,1,,lucky star,
2024-05-19,vn,v22505,60,9860,,,chaos;head,
2024-05-19,video,UCd8vNU9GdaDJF-jLDyWWvMw,18,,1,,https://youtu.be/uKeDmyxqnY8?si=_jgV9sfS7pkv6iAU,
2024-05-19,movie,m940721,120,,,,Godzilla Minus One,
2024-05-19,anime,10719,,,2,,hAGanAi 07-08,
2024-05-19,vn,v22505,78,9144,,,chaos;head,
2024-05-18,video,UCVx6RFaEAg46xfAsD2zz16w,1,,1,,https://youtube.com/shorts/1k_vFb1GRuY?si=nl7aQvAS9hnfehne,
2024-05-18,video,UCVx6RFaEAg46xfAsD2zz16w,1,,1,,https://youtube.com/shorts/ixWfaBulnV0?si=H4uA8w22VNO2a44H,
2024-05-18,video,UCd8vNU9GdaDJF-jLDyWWvMw,11,,1,,https://youtu.be/v5BZdhGeQEY?si=Ypw_X1W-OlxGvnJc,
2024-05-18,reading,,52,1661,,,霧が晴れた時 自選恐怖小説集,
2024-05-18,anime,1887,,,1,,lucky star,
2024-05-18,anime,1887,,,1,,lucky star,
2024-05-18,manga,100080,77,9381,,125,お兄ちゃんはおしまい！ v2,
2024-05-18,anime,10719,,,2,,Boku wa Tomodachi ga Sukunai 05-06,
2024-05-17,anime,1887,,,1,,lucky star,
2024-05-17,video,UCd8vNU9GdaDJF-jLDyWWvMw,15,,1,,https://youtu.be/WT0saH-SVAk?si=Wt-IFGbRcARhYnfZ,
2024-05-16,video,UCd8vNU9GdaDJF-jLDyWWvMw,18,,1,,https://youtu.be/_sRSFKOmzAI?si=KB7X2y_0pItzTrGT,
2024-05-16,anime,1887,,,1,,raki sta,
2024-05-15,anime,1887,,,2,,lucky star,
2024-05-15,light-novel,43667,970,91568,,,oreimo vol 2,
2024-05-15,vn,v94,60,5000,,,Kimi ga Nozomu Eien,
2024-05-14,anime,1887,,,4,,lucky star,
2024-05-14,vn,v94,22,1395,1,,Kimi ga Nozomu Eien,
2024-05-12,manga,100080,80,8453,,128,お兄ちゃんはおしまい！ v1,
2024-05-12,vn,v94,12,907,1,,Kimi ga Nozomu Eien,
2024-05-12,anime,10719,,,4,,Boku wa Tomodachi ga Sukunai,
2024-05-11,vn,v18149,23,1761,1,,La vn de la orina (cine),
2024-05-10,vn,v94,65,2913,,,Kimi ga Nozomu Eien,
2024-05-10,anime,147864,,,1,,onimai,
2024-05-09,vn,v94,68,3156,,,Kimi ga Nozomu Eien,
2024-05-08,vn,v94,61,3905,,,Kimi ga Nozomu Eien,
2024-05-07,anime,17549,,,1,,Non Non Biyori 01,
2024-05-07,vn,v94,120,8000,,,Kimi ga Nozomu Eien,
2024-05-07,anime,11843,,,1,,Danshi Koukousei no Nichijou 08,
2024-05-05,vn,v94,151,8034,,,Kimi ga Nozomu Eien,
2024-05-05,anime,9756,,,7,,madoka magika,
2024-05-04,anime,147864,,,4,,onimai,
2024-05-04,anime,147864,,,3,,onimai,
2024-05-03,vn,v94,70,3750,,,Kimi ga Nozomu Eien,
2024-05-02,anime,147864,,,2,,onimai,
2024-05-02,vn,v94,85,3576,,,Kimi ga Nozomu Eien,
2024-05-01,manga,142568,35,2842,,42,タコピーの原罪 v1,
2024-05-01,anime,147864,,,3,,onimai,
2024-05-01,anime,21,,,1,,One Piece,
2024-04-30,vn,v7738,78,7045,,,totono,
2024-04-29,light-novel,43667,1567,101433,,,oreimo,
2024-04-29,anime,98444,,,1,,yuru camp,
2024-04-29,vn,v94,60,3450,,,kimi ga nozomu eien,
2024-04-29,anime,98444,,,1,,yuru camp,
2024-04-29,anime,11843,,,2,,danshi koukousei no nichijou,
2024-04-29,anime,21685,,,1,,eromanga sensei,
2024-04-24,vn,v94,71,3073,,,Kimi ga Nozomu Eien,
2024-04-23,anime,11843,,,1,,danshi koukousei no nichijou,
2024-04-23,anime,7593,,,1,,kiss x sis,
2024-04-22,vn,v94,74,4957,,,Kimi ga Nozomu Eien,
2024-04-21,anime,21685,,,1,,eromanga sensei,
2024-04-21,anime,151807,,,1,,solo leveling,
2024-04-21,anime,11843,,,1,,danshi koukousei no nichijou,
2024-04-21,vn,v94,107,6077,,,Kimi ga Nozomu Eien,
2024-04-21,anime,11843,,,1,,danshi koukousei no nichijou,
2024-04-18,anime,10495,,,6,,yuru yuri,
2024-04-10,vn,v22505,60,1603,,,chaos;head,
2024-04-10,anime,10495,,,3,,yuru yuri,
2024-04-10,manga,41593,13,1672,,12,yuru yuri v5,
2024-04-09,manga,41593,35,3810,,55,yuru yuri,
2024-04-09,vn,v7738,95,4806,,,totono,
2024-04-09,anime,10495,,,3,,Yuru Yuri 01-03,
2024-04-08,vn,v94,116,6422,,,Kimi ga Nozomu Eien,
2024-04-07,manga,54705,17,2430,,208,惡の華 v11,
2024-04-07,manga,54705,27,4050,,195,惡の華 v10,
2024-04-07,manga,54705,42,5583,,193,惡の華 v09,
2024-04-07,manga,54705,48,7676,,196,惡の華 v08,
2024-04-07,manga,54705,38,6361,,197,惡の華 v07,
2024-04-07,manga,54705,55,6729,,195,惡の華 v06,
2024-04-07,vn,v94,65,3705,,,Kimi ga Nozomu Eien,
2024-04-07,movie,m27324,120,,,,kairo,
2024-04-07,anime,21685,,,1,,eromanga sensei,
2024-04-06,vn,v7738,120,6668,,,totono,
2024-04-06,vn,v94,139,8250,,,Kimi ga Nozomu Eien,
2024-04-06,vn,v7738,80,3490,,,totono,
2024-04-06,vn,v22505,74,10417,,,Chaos;head,
2024-04-05,vn,v22505,140,13643,,,chaos;head,
2024-04-04,vn,v22505,160,18968,,,chaos;head,
2024-04-03,vn,v94,50,2810,,,Kimi ga Nozomu Eien,
2024-04-03,vn,v22505,160,15127,,,chaos;head,
2024-04-02,vn,v22505,225,25239,,,chaos;head,
2024-04-01,vn,v94,203,11670,,,Kimi ga Nozomu Eien,
2024-03-31,vn,v22505,60,5196,,,chaos;head,
2024-03-31,manga,54705,35,5863,,194,aku no hana,
2024-03-31,vn,v94,125,4725,,,Kimi ga Nozomu Eien,
2024-03-31,vn,v22505,140,14492,,,chaos;head,
2024-03-30,manga,54705,38,5442,,177,aku no hana,
2024-03-30,manga,54705,50,7727,,196,aku no hana,
2024-03-29,manga,54705,43,6532,,141,aku no hana,
2024-03-29,anime,11843,,,1,,danshi koukousei no nichijou,
2024-03-29,vn,v22505,240,25463,,,chaos;head,
2024-03-28,vn,v22505,58,5605,,,chaos;head,
2024-03-28,anime,151807,,,1,,sololeveling,
2024-03-28,vn,v22505,248,21333,,,chaos;head,
2024-03-27,anime,11843,,,1,,danshi koukousei no nichijou,
2024-03-27,vn,v22505,277,25962,,,chaos;head,
2024-03-26,anime,12467,,,3,,nazo no kanojo,
2024-03-26,manga,54705,18,2207,,54,aku no hana,
2024-03-26,anime,12467,,,1,,nazo no kanojo,
2024-03-26,vn,v22505,220,21382,,,chaos;head,
2024-03-25,anime,12467,,,1,,nazo no kanojo,
2024-03-25,vn,v94,62,1851,,,kiminozo,
2024-03-25,vn,v22505,564,58191,,,chaos;head,
2024-03-24,vn,v94,53,3591,,,Kimi ga Nozomu Eien,
2024-03-24,vn,v22505,199,19215,,,chaos;head,
2024-03-23,manga,147902,70,5693,,90,chinko chan,
2024-03-23,vn,v22505,113,10068,,,chaos;head,
2024-03-22,vn,v22505,122,10249,,,chaos;head,
2024-03-21,vn,v22505,160,13610,,,chaos;head,
2024-03-20,vn,v22505,116,10593,,,chaos;head,
2024-03-20,anime,9756,,,2,,madoka,
2024-03-19,vn,v22505,141,11187,,,chaos;head,
2024-03-18,manga,80145,25,3048,,43,Citrus,
2024-03-18,manga,54705,24,2420,,58,aku no hana,
2024-03-17,anime,98444,,,1,,yuru camp,
2024-03-17,vn,v22505,142,10127,,,chaos;head,
2024-03-17,anime,151807,,,3,,solo levenling,
2024-03-17,video,,24,,,,tooi san,
2024-03-17,manga,54705,35,3399,,61,aku no hana,
2024-03-17,vn,v22505,168,10201,,,chaos;head,
2024-03-16,vn,v22505,126,11656,,,chaos;head,
2024-03-15,vn,v22505,59,4850,,,chaos;head,
2024-03-14,vn,v94,67,3927,,,Kimi ga Nozomu Eien,
2024-03-14,vn,v94,40,2022,,,KimiNozo,
2024-03-14,vn,v22505,53,3531,,,chaos;head,
2024-03-13,anime,12467,,,1,,nazo no kanojo,
2024-03-13,anime,9756,,,1,,madoka 3,
2024-03-13,anime,12467,,,2,,nazo no kanojo,
2024-03-12,anime,9756,,,1,,madoka 2,
2024-03-11,vn,v94,120,6350,,,KimiNozo,
2024-03-11,anime,9756,,,1,,Madoka Magica,
2024-03-10,anime,98444,,,2,,yuru camp,
2024-03-10,manga,54705,40,3804,,80,aku no hana,
2024-03-10,vn,v22505,64,3173,,,chaos;head,
2024-03-10,anime,98444,,,2,,yuru camp,
2024-03-10,vn,v22505,120,7793,,,chaos;head,
2024-03-10,movie,m44729,45,,,,one piece movie 6,
2024-03-09,manga,66267,28,3660,,188,mari no naka 9,
2024-03-09,anime,10495,,,1,,yuru yuri,
2024-03-09,anime,10495,,,2,,yuru yuri,
2024-03-09,anime,12467,,,2,,nazo no kanojo,
2024-03-09,vn,v22505,142,9196,,,chaos;head,
2024-03-08,anime,10495,,,1,,yuru yuri,
2024-03-08,anime,12467,,,2,,nazo no kanojo,
2024-03-08,vn,v94,125,4728,,,kiminozo,
2024-03-08,vn,v22505,73,5064,,,chaos;head,
2024-03-07,anime,12467,,,1,,nazo no kanojo,
2024-03-07,anime,10495,,,1,,yuru yuri,
2024-03-07,vn,v94,227,7640,,,KimiNozo,
2024-03-07,vn,v22505,88,4000,,,chaos;head,
2024-03-06,vn,v94,261,7891,,,KimiNozo,
2024-03-05,vn,v94,123,3058,,,KimiNozo,
2024-03-05,vn,v22505,90,6579,,,chaos;head,
2024-03-04,vn,v94,189,4010,,,kiminozo,
2024-03-03,vn,v22505,83,3975,,,chaos;head,
2024-03-03,vn,v94,161,3331,,,kiminozo,
2024-03-02,manga,80145,27,2224,,30,citrus,
2024-03-02,vn,v22505,159,10591,,,chaos;head,
2024-03-02,vn,v94,109,1780,,,kiminozo,
2024-03-02,vn,v22505,67,3236,,,chaos;head,
2024-03-01,vn,v94,60,810,,,Kimi ga Nozomu Eien,
2024-02-29,video,UCvaTdHTWBGv3MKj3KVqJVCw,60,,,,https://www.youtube.com/live/zdkleg0Bfns?si=gPYVfE_mVG6ROXj2 (ayuden me voy a morir),
2024-02-29,anime,101573,,,1,,yagate kimi ni naru,
2024-02-29,anime,101573,,,3,,yagate kimi ni naru,
2024-02-29,vn,v20424,56,3671,,,summer pockets,
2024-02-29,manga,80145,30,2573,,46,citrus,
2024-02-29,manga,41593,32,1997,,27,yuru yuri,
2024-02-29,manga,66267,60,5246,,186,mari no naka,
2024-02-28,vn,v22505,120,6346,,,chaos;head,
2024-02-28,anime,101573,,,1,,yagate kimi ni naru,
2024-02-28,vn,v22505,102,6319,,,chaos;head,
2024-02-27,vn,v22505,106,7244,,,chaos;head,
2024-02-26,vn,v22505,127,7309,,,chaos;head,
2024-02-24,manga,66267,37,3571,,197,mari no naka,
2024-02-24,vn,v22505,54,2434,,,chaos;head,
2024-02-24,manga,41593,27,2433,,28,Yuru yuri,
2024-02-24,vn,v22505,93,4013,,,chaos;head,
2024-02-23,vn,v22505,30,1603,,,chaos;head,
2024-02-22,anime,11061,,,1,,hunter x hunter,
2024-02-22,vn,v20424,7,871,1,,summer pockets,
2024-02-22,vn,v20424,270,23686,,,summer pockets,
2024-02-21,anime,101573,,,1,,yagate kimi ni naru,
2024-02-21,anime,101573,,,1,,yagate kimi ni naru,
2024-02-21,vn,v20424,173,12369,,,summer pockets,
2024-02-20,vn,v20424,166,10726,,,summer pockets,
2024-02-18,vn,v20424,177,11363,,,summer pockets,
2024-02-18,vn,v20424,222,13798,,,summer pockets,
2024-02-17,movie,m1678,90,,,,ゴジラ,
2024-02-16,vn,v20424,168,10431,,,summer pockets,
2024-02-15,vn,v20424,170,9365,,,summer pockets,
2024-02-14,vn,v20424,60,2830,,,summer pockets,
2024-02-13,vn,v20424,203,13161,,,summer pockets,
2024-02-12,vn,v20424,94,5829,,,summer pockets,
2024-02-11,anime,101573,,,2,,yagate kimi ni naru,
2024-02-11,vn,v20424,210,12408,,,summer pockets,
2024-02-10,vn,v20424,15,773,1,,summer pockets,
2024-02-09,vn,v20424,148,10476,,,summer pockets,
2024-02-08,vn,v20424,245,22771,,,summer pockets,
2024-02-07,anime,101573,,,1,,yagate kimi ni naru,
2024-02-07,anime,101573,,,1,,yagate kimi ni naru,
2024-02-07,vn,v20424,240,17350,,,summer pockets,
2024-02-06,vn,v20424,129,8935,,,summer pockets,
2024-02-05,vn,v20424,243,14980,,,summer pockets,
2024-02-05,anime,101573,,,1,,yagate kimi ni naru,
2024-02-05,vn,v20424,89,4384,,,summer pockets,
2024-02-04,vn,v20424,195,11950,,,summer pockets,
2024-02-04,vn,v20424,110,6615,,,summer pockets,
2024-02-03,anime,101573,,,1,,yagate kimi ni naru,
2024-02-03,manga,66267,55,5345,,188,mari no naka,
2024-02-03,vn,v20424,276,16007,,,summer pockets,
2024-02-02,vn,v20424,255,16014,,,summer pockets,
2024-02-01,vn,v20424,248,17525,,,summer pockets,
2024-01-31,vn,v20424,283,17311,,,summer pockets,
2024-01-30,vn,v20424,253,15383,,,summer pockets,
2024-01-29,vn,v20424,182,10893,,,summer pockets,
2024-01-28,movie,m16859,100,,,,kiki delivery service,
2024-01-27,vn,v20424,126,8115,,,summer pockets,
2024-01-27,vn,v20424,151,10443,,,summer pockets,
2024-01-27,vn,v20424,206,10811,,,summer pockets,
2024-01-26,vn,v20424,147,9201,,,summer pockets,
2024-01-25,vn,v20424,211,14166,,,summer pockets,
2024-01-24,vn,v20424,175,9012,,,summer pockets,
2024-01-23,vn,v20424,190,11561,,,summer pockets,
2024-01-21,vn,v20424,71,4239,,,summer pockets,
2024-01-21,vn,v20424,98,5276,,,summer pockets,
2024-01-21,vn,v20424,63,4105,,,summer pockets,
2024-01-20,vn,v20424,117,6286,,,summer pockets,
2024-01-20,manga,66267,34,4506,,180,mari no naka,
2024-01-20,vn,v20424,57,3080,,,summer pockets,
2024-01-19,vn,v20424,93,5163,,,summer pockets,
2024-01-19,vn,v20424,84,4836,,,summer pockets,
2024-01-18,vn,v20424,75,4229,,,summer pockets,
2024-01-18,manga,66267,40,4071,,188,mari no naka,
2024-01-18,video,,40,,,,mi esposa jugando Mario galaxy,
2024-01-18,manga,66267,24,2452,,102,mari no naka,
2024-01-18,vn,v20424,80,4014,,,summer pockets,
2024-01-17,vn,v20424,80,4545,,,summer pockets,
2024-01-17,video,,24,,,,mi esposa jugando al Mario galaxy,
2024-01-17,vn,v20424,67,3804,,,summer pockets,
2024-01-17,manga,66267,26,2229,,86,mari san 3,
2024-01-16,vn,v20424,93,4728,,,summer pockets,
2024-01-16,video,,22,,1,,mi esposa jugando Mario galaxy,
2024-01-16,manga,66267,10,745,,20,mari san 2,
2024-01-16,vn,v20424,62,2387,,,summer pockets,
2024-01-15,vn,v20424,88,4444,,,summer pockets,
2024-01-15,manga,66267,27,2263,,38,mari san 2,
2024-01-15,manga,66267,24,1940,,40,mari san 2,
2024-01-15,vn,v20424,45,1757,,,summer pockets,
2024-01-14,vn,v20424,113,5332,,,summer pockets,
2024-01-14,manga,66267,27,2805,,72,mari san 2,
2024-01-14,anime,151807,,,1,,solo leveling 2,
2024-01-13,vn,v20424,38,1346,,,summer pockets,
2024-01-13,video,,30,,,,ff7,
2024-01-13,manga,66267,52,4320,,104,mari vol 1,
2024-01-13,manga,66267,23,1280,,42,Mari san 1,
2024-01-12,manga,66267,35,1463,,46,mari san,
2024-01-12,manga,41593,20,1677,,19,yuru yuri 5,
2024-01-12,anime,98444,,,2,,yuru camp,
2024-01-12,video,,43,,,,Mario galaxy mi novia okayu,
2024-01-12,light-novel,118760,30,1857,,,la mommy 4,
2024-01-11,video,,51,,,,mi novia jugando al mario galaxy,
2024-01-09,reading,,20,,,,Gordoz book,
2024-01-09,light-novel,86238,44,2269,,,konosuba 1,
2024-01-08,light-novel,86238,75,2970,,,konosuba 1,
2024-01-08,video,UCvaTdHTWBGv3MKj3KVqJVCw,60,,,,https://www.youtube.com/live/zdkleg0Bfns?si=LZnuFsWprqcElB7n,
2024-01-07,tv show,s217325,45,,,,夕暮れに、手をつなぐ,
2024-01-07,light-novel,86238,50,1964,,,konosuba 1,
2024-01-07,light-novel,86238,60,2831,,,konosuba 1,
2024-01-07,movie,m346,200,,,,7 samurai,
2024-01-06,light-novel,86238,58,3111,,,konosuba 1,
2024-01-06,light-novel,86238,80,4328,,,konosuba 1,
2024-01-05,light-novel,86238,97,3919,,,konosuba 1,
2024-01-05,light-novel,86238,110,4555,,,konosuba 1,
2024-01-04,light-novel,86238,60,3031,,,konosuba 1,
2024-01-04,light-novel,86238,53,2953,,,konosuba 1,
2024-01-03,video,UCvaTdHTWBGv3MKj3KVqJVCw,60,,,,https://www.youtube.com/live/hGhdCOVmTaM?si=qC7SXREsSuU5I8vd,
2024-01-03,light-novel,86238,120,4622,,,konosuba 1,
2024-01-03,video,UCvaTdHTWBGv3MKj3KVqJVCw,60,,,,https://www.youtube.com/live/waZThVZ8xNg?si=eRMdE5WpZ6ZcCD3u,
2024-01-02,video,UCvaTdHTWBGv3MKj3KVqJVCw,40,,,,https://www.youtube.com/live/waZThVZ8xNg?si=b_F0ERZqE6uX8fx0,
2024-01-02,light-novel,86238,77,2844,,,konosuba 1,
2024-01-01,light-novel,86238,115,4197,,,Konosuba 1,
2024-01-01,tv show,s121659,42,,,,yu yu hakusho la 4,
2024-01-01,video,UCvaTdHTWBGv3MKj3KVqJVCw,60,,,,https://www.youtube.com/watch?v=waZThVZ8xNg,
2023-12-31,video,UCvaTdHTWBGv3MKj3KVqJVCw,120,,,,https://www.youtube.com/watch?v=waZThVZ8xNg,
2023-12-30,video,UCvaTdHTWBGv3MKj3KVqJVCw,60,,,,https://www.youtube.com/watch?v=waZThVZ8xNg,
2023-12-30,anime,98444,,,1,,yuru camp 2,
2023-12-30,video,UCXTpFs_3PqI41qX2d9tL2Rw,97,,,,https://www.youtube.com/watch?v=8RtkwOK9fys&t=240s,
2023-12-29,movie,m1237185,22,,1,,momories 3,
2023-11-30,light-novel,118760,208,16213,,,La mommy 3,
2023-11-29,light-novel,118760,152,12061,,,la mommy 3,
2023-11-28,light-novel,118760,180,12108,,,la mommy 3,
2023-11-27,light-novel,118760,35,1754,,,la mommy 3,
2023-11-26,anime,130003,,,1,,bocchi the rock,
2023-11-26,manga,41593,23,1804,,28,ゆるゆり v04,
2023-11-26,light-novel,118760,110,8343,,,la mommy 3,
2023-11-25,light-novel,118760,30,1320,,,la mommy 3,
2023-11-25,reading,,45,1766,,,Anata,
2023-11-25,light-novel,118760,41,2342,,,la mommy 2,
2023-11-24,light-novel,118760,105,8569,,,la mommy 2,
2023-11-23,light-novel,118760,100,6022,,,la mommy 2,
2023-11-22,light-novel,118760,93,5336,,,la mommy 2,
2023-11-21,light-novel,118760,77,4837,,,la mommy 2,
2023-11-21,light-novel,118760,118,5354,,,la mommy 2,
2023-11-19,light-novel,118760,85,4300,,,la mommy 2,
2023-11-19,light-novel,118760,138,5234,,,la mommy 2,
2023-11-18,light-novel,118760,23,824,,,la mommy 2,
2023-11-14,reading,,11,,,,yomu yomu,
2023-11-14,light-novel,118760,100,6100,,,la  mommy 2,
2023-11-13,manga,41593,20,,,14,yuru yuri,
2023-11-13,light-novel,118760,96,5797,,,la mommy 2,
2023-11-12,manga,41593,50,,,44,yuru yuri 4,
2023-11-12,vn,v5244,63,5235,,,hanahira,
2023-11-12,movie,m12205,100,,,,dark water,
2023-11-11,vn,v5244,42,3129,,,hanahira,
2023-11-11,manga,41593,51,,,46,yuru yuri 3,
2023-11-11,light-novel,118760,58,4083,,,la mommy 2,
2023-11-11,manga,41593,30,,,30,yuru yuri 3,
2023-11-10,light-novel,118760,30,2142,,,la mommy 2,
2023-11-10,manga,41593,57,,,56,yuru yuri 3,
2023-11-09,reading,,10,,,,yomu yomu,
2023-11-09,light-novel,118760,44,2557,,,la mommy 2,
2023-11-09,manga,41593,45,,,31,yuru yuri 3,
2023-11-08,manga,41593,18,,,8,yuru yuri 2,
2023-11-08,reading,,15,,,,yomu yomu,
2023-11-08,light-novel,118760,68,4072,,,la mommy 2,
2023-11-08,manga,41593,59,,,44,yuru yuri 2,
2023-11-07,light-novel,118760,50,2551,,,la mommy 2,
2023-11-06,manga,41593,74,,,54,yuru yuri 2,
2023-11-06,vn,v5244,28,1646,,,hanahira,
2023-11-06,light-novel,118760,25,952,,,la mommy 2,
2023-11-05,manga,41593,60,,,56,yuru yuri,
2023-11-04,manga,41593,41,,,28,Yuru yuri,
2023-11-03,manga,41593,60,,,54,yuru yuri,
2023-11-03,light-novel,118760,33,1767,,,la mommy 2,
2023-11-03,manga,41593,60,,,44,yuru yuri,
2023-11-02,light-novel,118760,30,1115,,,la mommy,
2023-11-02,manga,41593,60,,,32,yuru yuri,
2023-11-01,manga,41593,95,2172,,24,ゆるゆり v01,
2023-10-31,anime,130003,,,1,,bocchi,
2023-10-31,vn,v5244,18,1228,1,,hanahira,
2023-10-31,vn,v5244,50,2675,,,hanahira,
2023-10-31,manga,86136,30,,,184,ハピネス 10,
2023-10-31,manga,86136,30,,,184,ハピネス 9,
2023-10-30,manga,86136,35,,,180,ハピネス 8,
2023-10-30,manga,86136,50,,,186,ハピネス7,
2023-10-29,manga,86136,68,,,184,happiness 6,
2023-10-29,light-novel,118760,40,2075,,,la mommy,
2023-10-29,light-novel,118760,70,3872,,,la mommy,
2023-10-28,anime,130003,,,1,,Bocchi,
2023-10-28,light-novel,118760,60,2878,,,la mommy,
2023-10-28,movie,m1042140,46,,,,downfall pelicula,
2023-10-28,light-novel,118760,72,3278,,,la mommy,
2023-10-27,light-novel,118760,45,2023,,,la mommy,
2023-10-26,light-novel,118760,49,2207,,,la mommy,
2023-10-26,light-novel,118760,28,1027,,,la mommy,
2023-10-25,light-novel,118760,64,3188,,,La mommy,
2023-10-24,light-novel,118760,19,868,,,la mommy,
2023-10-24,light-novel,118760,24,967,,,la mommy,
2023-10-23,light-novel,118760,20,613,,,La mommy,
2023-10-22,anime,130003,,,1,,bocchi,
2023-10-22,manga,86136,48,,,142,ハピネス,
2023-10-22,light-novel,118760,55,1955,,,la mommy,
2023-10-22,anime,130003,,,1,,bocchi,
2023-10-22,light-novel,118760,58,2530,,,la mommy,
2023-10-22,movie,m565,90,,,,ringu,
2023-10-21,anime,130003,,,1,,bocchi,
2023-10-21,light-novel,118760,22,1151,,,la mommy,
2023-10-21,light-novel,118760,40,1743,,,la mommy,
2023-10-20,light-novel,118760,43,2045,,,la mommy,
2023-10-19,light-novel,118760,45,1607,,,la mommy,
2023-10-19,light-novel,118760,50,2149,,,la mommy,
2023-10-18,light-novel,118760,60,2142,,,la mommy,
2023-10-18,light-novel,118760,17,,,,la mommy,
2023-10-17,light-novel,118760,20,,,,la mommy,
2023-10-16,light-novel,118760,60,,,,la mommy,
2023-10-16,light-novel,118760,70,,,,la mommy,
2023-10-15,manga,86136,5,,,30,happiness 5,
2023-10-15,light-novel,118760,85,,,,la mommy,
2023-10-15,anime,130003,,,1,,bocchi the rock,
2023-10-14,anime,130003,,,1,,Bocchi the rock,
2023-10-14,light-novel,118760,37,,,,la mommy,
2023-10-14,light-novel,118760,34,,,,la mommy,
2023-10-13,light-novel,118760,35,,,,la mommy,
2023-10-12,light-novel,118760,30,,,,la mommy,
2023-10-12,light-novel,118760,50,,,,la mommy,
2023-10-12,light-novel,118760,40,,,,LA MOMMY,
2023-10-11,light-novel,118760,60,,,,la mommy,
2023-10-10,manga,86136,35,,,74,ハピネス 4,
2023-10-10,light-novel,118760,47,,,,la mommy,
2023-10-09,manga,86136,38,,,118,ハピネス 4,
2023-10-09,light-novel,118760,53,,,,la mommy,
2023-10-08,vn,v5244,35,1488,,,はなひら,
2023-10-08,anime,9989,,,2,,anohana,
2023-10-08,vn,v5244,25,1724,,,はなひら,
2023-10-08,manga,86136,46,,,105,ハピネス 3,
2023-10-08,anime,9989,,,3,,anohana,
2023-10-07,light-novel,118760,19,,,,la mommy,
2023-10-07,manga,86136,30,,,80,ハピネス,
2023-10-07,anime,9989,,,3,,anohana,
2023-10-06,light-novel,118760,10,,,,la mommy,
2023-10-06,manga,86136,33,,,68,ハピネス ２,
2023-10-06,anime,9989,,,3,,anohana.....,
2023-10-04,manga,86136,56,,,128,ハピネス 2,
2023-10-04,light-novel,118760,50,,,,la mommy,
2023-10-03,manga,86136,16,,,31,ハピネス,
2023-10-03,light-novel,118760,20,,,,la mommy,
2023-10-03,light-novel,118760,70,,,,la mommy,
2023-10-03,anime,269,50,,2,,ブリーチ,
2023-10-02,manga,86136,36,,,70,ハピネス,
2023-10-02,light-novel,118760,60,,,,娘じゃなくて私が好きなの!?,
2023-10-02,vn,v5244,40,5372,,,はなひらっ！,
2023-10-01,video,,10,,1,,zutsuki tsukuru,
2023-10-01,video,,15,,1,,zutsuki tsukuru,
2023-10-01,manga,86136,29,,,44,ハピネス,
2023-10-01,light-novel,118760,17,,,,娘じゃなくて私が好きなの!?,
2023-10-01,light-novel,118760,35,,,,娘じゃなくて私が好きなの!?,
2023-10-01,light-novel,118760,40,,,,娘じゃなくて私が好きなの!?,
2023-10-01,light-novel,118760,23,,,,娘じゃなくて私が好きなの!?,
2023-09-30,manga,86136,22,,,36,ハピネス,
2023-09-30,light-novel,118760,15,,,,娘じゃなくて私が好きなの!?,
2023-09-30,manga,85533,20,,,10,からかい上手の高木さん,
2023-09-29,light-novel,118760,40,,,,娘じゃなくて私が好きなの!?,
2023-09-29,anime,2476,50,,2,,スクールデイズ,
2023-09-28,anime,2476,50,,2,,ｽｸｰﾙﾃﾞｲｽ,
2023-09-28,anime,97832,30,,1,,シトラス,
2023-09-27,anime,97832,70,,3,,シトラス,
2023-09-27,manga,85533,20,,,5,からかい上手の高木さん,
2023-09-26,anime,97832,50,,2,,シトラス,
2023-08-31,anime,20517,580,,24,,ご注文はうさぎですか？,
2023-08-31,anime,12815,475,,21,,しろくまカフェ,
2023-08-31,anime,124080,310,,13,,ホリミヤ,
2023-08-31,anime,97832,144,,6,,シトラス,
2023-08-31,vn,v5244,130,1,,,はなひらっ！,
2023-08-01,anime,12815,70,,3,,しろくまカフェ,
2023-07-31,anime,10495,695,,23,,Yuru Yuri,
2023-07-31,anime,12815,645,,27,,しろくまカフェ,
2023-07-31,anime,21455,277,,12,,ニューゲーム,
2023-06-30,anime,10495,455,,13,,Yuru Yuri,
2023-06-30,manga,30104,141,,,11,よつばと!,